adapter_response_count,campaign_id,category,cli_evidence,cohort,config_fingerprint,elapsed_ms,evidence,finished_at,first_schema_valid_attempt,input_sha256,input_tokens,max_turns,operational_error,order,output_tokens,planner_attempts,planner_retries,returncode,reviewer_attempts,reviewer_issue_count,reviewer_retry_count,run_id,schema_failure_count,schema_version,source_fingerprint,status,subprocess_wall_ms,total_tokens,trial_id,turn_count,usage_note,worker_elapsed_ms,zero_usage_response_count
2,20260914T0610-baseline,Valid first attempt,True,schema,0080e40e43a8ad8f2b590b8d1e2b9c5e5fef98ca092bc92a1cb0581a61f94c25,1940.585,trials/schema-01/cli/20260914T060649-ccacf7a836/result.json,2026-09-14T06:06:51.864995+00:00,1,7e0d1125428f52aac130395190ddd2c4cc66832c72e31a87284b17c810fa7537,552,10,,1,130,1,0,0,1,0,0,20260914T060649-ccacf7a836,0,1,7814a2a02c60ddcfd23eace1bfc8a0bc02d98882440253f2c4ef4697be45febb,accepted,2234.068499994464,682,schema-01,2,Reported token counts only. A zero count can mean usage metadata was unavailable; it does not establish zero token consumption.,1858.551,0
2,20260914T0610-baseline,Valid first attempt,True,schema,0080e40e43a8ad8f2b590b8d1e2b9c5e5fef98ca092bc92a1cb0581a61f94c25,2124.049,trials/schema-02/cli/20260914T060652-e4bfe48bca/result.json,2026-09-14T06:06:54.379983+00:00,1,7e0d1125428f52aac130395190ddd2c4cc66832c72e31a87284b17c810fa7537,552,10,,2,130,1,0,0,1,0,0,20260914T060652-e4bfe48bca,0,1,7814a2a02c60ddcfd23eace1bfc8a0bc02d98882440253f2c4ef4697be45febb,accepted,2468.160708027426,682,schema-02,2,Reported token counts only. A zero count can mean usage metadata was unavailable; it does not establish zero token consumption.,2037.971,0
2,20260914T0610-baseline,Valid first attempt,True,schema,0080e40e43a8ad8f2b590b8d1e2b9c5e5fef98ca092bc92a1cb0581a61f94c25,2166.63,trials/schema-03/cli/20260914T060654-3c1dd434cc/result.json,2026-09-14T06:06:56.911733+00:00,1,7e0d1125428f52aac130395190ddd2c4cc66832c72e31a87284b17c810fa7537,552,10,,3,130,1,0,0,1,0,0,20260914T060654-3c1dd434cc,0,1,7814a2a02c60ddcfd23eace1bfc8a0bc02d98882440253f2c4ef4697be45febb,accepted,2478.9109170087613,682,schema-03,2,Reported token counts only. A zero count can mean usage metadata was unavailable; it does not establish zero token consumption.,2078.19,0
2,20260914T0610-baseline,Valid first attempt,True,schema,0080e40e43a8ad8f2b590b8d1e2b9c5e5fef98ca092bc92a1cb0581a61f94c25,2121.118,trials/schema-04/cli/20260914T060657-6733477b95/result.json,2026-09-14T06:06:59.434956+00:00,1,7e0d1125428f52aac130395190ddd2c4cc66832c72e31a87284b17c810fa7537,552,10,,4,130,1,0,0,1,0,0,20260914T060657-6733477b95,0,1,7814a2a02c60ddcfd23eace1bfc8a0bc02d98882440253f2c4ef4697be45febb,accepted,2473.9240420167334,682,schema-04,2,Reported token counts only. A zero count can mean usage metadata was unavailable; it does not establish zero token consumption.,2029.095,0
2,20260914T0610-baseline,Valid first attempt,True,schema,0080e40e43a8ad8f2b590b8d1e2b9c5e5fef98ca092bc92a1cb0581a61f94c25,2073.76,trials/schema-05/cli/20260914T060659-388ab37457/result.json,2026-09-14T06:07:01.927893+00:00,1,7e0d1125428f52aac130395190ddd2c4cc66832c72e31a87284b17c810fa7537,552,10,,5,130,1,0,0,1,0,0,20260914T060659-388ab37457,0,1,7814a2a02c60ddcfd23eace1bfc8a0bc02d98882440253f2c4ef4697be45febb,accepted,2436.8917910032906,682,schema-05,2,Reported token counts only. A zero count can mean usage metadata was unavailable; it does not establish zero token consumption.,1978.598,0
2,20260914T0610-baseline,Valid first attempt,True,schema,0080e40e43a8ad8f2b590b8d1e2b9c5e5fef98ca092bc92a1cb0581a61f94c25,2056.256,trials/schema-06/cli/20260914T060702-29d275f43e/result.json,2026-09-14T06:07:04.346703+00:00,1,7e0d1125428f52aac130395190ddd2c4cc66832c72e31a87284b17c810fa7537,552,10,,6,130,1,0,0,1,0,0,20260914T060702-29d275f43e,0,1,7814a2a02c60ddcfd23eace1bfc8a0bc02d98882440253f2c4ef4697be45febb,accepted,2368.8652089913376,682,schema-06,2,Reported token counts only. A zero count can mean usage metadata was unavailable; it does not establish zero token consumption.,1971.7199999999998,0
2,20260914T0610-baseline,Valid first attempt,True,schema,0080e40e43a8ad8f2b590b8d1e2b9c5e5fef98ca092bc92a1cb0581a61f94c25,2090.825,trials/schema-07/cli/20260914T060704-ac5393e556/result.json,2026-09-14T06:07:06.819197+00:00,1,7e0d1125428f52aac130395190ddd2c4cc66832c72e31a87284b17c810fa7537,552,10,,7,130,1,0,0,1,0,0,20260914T060704-ac5393e556,0,1,7814a2a02c60ddcfd23eace1bfc8a0bc02d98882440253f2c4ef4697be45febb,accepted,2425.2889580093324,682,schema-07,2,Reported token counts only. A zero count can mean usage metadata was unavailable; it does not establish zero token consumption.,2004.134,0
2,20260914T0610-baseline,Valid first attempt,True,schema,0080e40e43a8ad8f2b590b8d1e2b9c5e5fef98ca092bc92a1cb0581a61f94c25,2110.037,trials/schema-08/cli/20260914T060707-aac82fa098/result.json,2026-09-14T06:07:09.446581+00:00,1,7e0d1125428f52aac130395190ddd2c4cc66832c72e31a87284b17c810fa7537,552,10,,8,130,1,0,0,1,0,0,20260914T060707-aac82fa098,0,1,7814a2a02c60ddcfd23eace1bfc8a0bc02d98882440253f2c4ef4697be45febb,accepted,2547.9923330130987,682,schema-08,2,Reported token counts only. A zero count can mean usage metadata was unavailable; it does not establish zero token consumption.,2000.282,0
2,20260914T0610-baseline,Valid first attempt,True,schema,0080e40e43a8ad8f2b590b8d1e2b9c5e5fef98ca092bc92a1cb0581a61f94c25,2136.207,trials/schema-09/cli/20260914T060709-3838b4172e/result.json,2026-09-14T06:07:12.003387+00:00,1,7e0d1125428f52aac130395190ddd2c4cc66832c72e31a87284b17c810fa7537,552,10,,9,130,1,0,0,1,0,0,20260914T060709-3838b4172e,0,1,7814a2a02c60ddcfd23eace1bfc8a0bc02d98882440253f2c4ef4697be45febb,accepted,2502.461583004333,682,schema-09,2,Reported token counts only. A zero count can mean usage metadata was unavailable; it does not establish zero token consumption.,2051.247,0
2,20260914T0610-baseline,Valid first attempt,True,schema,0080e40e43a8ad8f2b590b8d1e2b9c5e5fef98ca092bc92a1cb0581a61f94c25,2073.18,trials/schema-10/cli/20260914T060712-7357bc9747/result.json,2026-09-14T06:07:14.553033+00:00,1,7e0d1125428f52aac130395190ddd2c4cc66832c72e31a87284b17c810fa7537,552,10,,10,130,1,0,0,1,0,0,20260914T060712-7357bc9747,0,1,7814a2a02c60ddcfd23eace1bfc8a0bc02d98882440253f2c4ef4697be45febb,accepted,2481.543458008673,682,schema-10,2,Reported token counts only. A zero count can mean usage metadata was unavailable; it does not establish zero token consumption.,1964.19,0
2,20260914T0610-baseline,Valid first attempt,True,schema,0080e40e43a8ad8f2b590b8d1e2b9c5e5fef98ca092bc92a1cb0581a61f94c25,2083.394,trials/schema-11/cli/20260914T060714-63a88ebb22/result.json,2026-09-14T06:07:17.046617+00:00,1,7e0d1125428f52aac130395190ddd2c4cc66832c72e31a87284b17c810fa7537,552,10,,11,130,1,0,0,1,0,0,20260914T060714-63a88ebb22,0,1,7814a2a02c60ddcfd23eace1bfc8a0bc02d98882440253f2c4ef4697be45febb,accepted,2443.563417007681,682,schema-11,2,Reported token counts only. A zero count can mean usage metadata was unavailable; it does not establish zero token consumption.,1997.48,0
2,20260914T0610-baseline,Valid first attempt,True,schema,0080e40e43a8ad8f2b590b8d1e2b9c5e5fef98ca092bc92a1cb0581a61f94c25,2030.254,trials/schema-12/cli/20260914T060717-3dab3a4328/result.json,2026-09-14T06:07:19.534508+00:00,1,7e0d1125428f52aac130395190ddd2c4cc66832c72e31a87284b17c810fa7537,552,10,,12,130,1,0,0,1,0,0,20260914T060717-3dab3a4328,0,1,7814a2a02c60ddcfd23eace1bfc8a0bc02d98882440253f2c4ef4697be45febb,accepted,2426.357083953917,682,schema-12,2,Reported token counts only. A zero count can mean usage metadata was unavailable; it does not establish zero token consumption.,1943.855,0
2,20260914T0610-baseline,Valid first attempt,True,schema,0080e40e43a8ad8f2b590b8d1e2b9c5e5fef98ca092bc92a1cb0581a61f94c25,2121.758,trials/schema-13/cli/20260914T060719-1d918bb208/result.json,2026-09-14T06:07:22.073769+00:00,1,7e0d1125428f52aac130395190ddd2c4cc66832c72e31a87284b17c810fa7537,552,10,,13,130,1,0,0,1,0,0,20260914T060719-1d918bb208,0,1,7814a2a02c60ddcfd23eace1bfc8a0bc02d98882440253f2c4ef4697be45febb,accepted,2488.095708016772,682,schema-13,2,Reported token counts only. A zero count can mean usage metadata was unavailable; it does not establish zero token consumption.,2036.699,0
2,20260914T0610-baseline,Valid first attempt,True,schema,0080e40e43a8ad8f2b590b8d1e2b9c5e5fef98ca092bc92a1cb0581a61f94c25,2024.777,trials/schema-14/cli/20260914T060722-47fa23cd94/result.json,2026-09-14T06:07:24.516068+00:00,1,7e0d1125428f52aac130395190ddd2c4cc66832c72e31a87284b17c810fa7537,552,10,,14,130,1,0,0,1,0,0,20260914T060722-47fa23cd94,0,1,7814a2a02c60ddcfd23eace1bfc8a0bc02d98882440253f2c4ef4697be45febb,accepted,2392.7998750004917,682,schema-14,2,Reported token counts only. A zero count can mean usage metadata was unavailable; it does not establish zero token consumption.,1938.299,0
2,20260914T0610-baseline,Valid first attempt,True,schema,0080e40e43a8ad8f2b590b8d1e2b9c5e5fef98ca092bc92a1cb0581a61f94c25,2108.351,trials/schema-15/cli/20260914T060724-637b083068/result.json,2026-09-14T06:07:27.063337+00:00,1,7e0d1125428f52aac130395190ddd2c4cc66832c72e31a87284b17c810fa7537,552,10,,15,130,1,0,0,1,0,0,20260914T060724-637b083068,0,1,7814a2a02c60ddcfd23eace1bfc8a0bc02d98882440253f2c4ef4697be45febb,accepted,2485.654791002162,682,schema-15,2,Reported token counts only. A zero count can mean usage metadata was unavailable; it does not establish zero token consumption.,2007.484,0
2,20260914T0610-baseline,Valid first attempt,True,schema,0080e40e43a8ad8f2b590b8d1e2b9c5e5fef98ca092bc92a1cb0581a61f94c25,2095.294,trials/schema-16/cli/20260914T060727-14ccf0fe65/result.json,2026-09-14T06:07:29.624158+00:00,1,7e0d1125428f52aac130395190ddd2c4cc66832c72e31a87284b17c810fa7537,552,10,,16,130,1,0,0,1,0,0,20260914T060727-14ccf0fe65,0,1,7814a2a02c60ddcfd23eace1bfc8a0bc02d98882440253f2c4ef4697be45febb,accepted,2499.8188330209814,682,schema-16,2,Reported token counts only. A zero count can mean usage metadata was unavailable; it does not establish zero token consumption.,1990.877,0
2,20260914T0610-baseline,Valid first attempt,True,schema,0080e40e43a8ad8f2b590b8d1e2b9c5e5fef98ca092bc92a1cb0581a61f94c25,2096.957,trials/schema-17/cli/20260914T060730-f30740c9b7/result.json,2026-09-14T06:07:32.221825+00:00,1,7e0d1125428f52aac130395190ddd2c4cc66832c72e31a87284b17c810fa7537,552,10,,17,130,1,0,0,1,0,0,20260914T060730-f30740c9b7,0,1,7814a2a02c60ddcfd23eace1bfc8a0bc02d98882440253f2c4ef4697be45febb,accepted,2536.130124994088,682,schema-17,2,Reported token counts only. A zero count can mean usage metadata was unavailable; it does not establish zero token consumption.,1993.158,0
2,20260914T0610-baseline,Valid first attempt,True,schema,0080e40e43a8ad8f2b590b8d1e2b9c5e5fef98ca092bc92a1cb0581a61f94c25,2115.616,trials/schema-18/cli/20260914T060732-10e64356df/result.json,2026-09-14T06:07:34.752503+00:00,1,7e0d1125428f52aac130395190ddd2c4cc66832c72e31a87284b17c810fa7537,552,10,,18,130,1,0,0,1,0,0,20260914T060732-10e64356df,0,1,7814a2a02c60ddcfd23eace1bfc8a0bc02d98882440253f2c4ef4697be45febb,accepted,2477.633791975677,682,schema-18,2,Reported token counts only. A zero count can mean usage metadata was unavailable; it does not establish zero token consumption.,2026.069,0
2,20260914T0610-baseline,Valid first attempt,True,schema,0080e40e43a8ad8f2b590b8d1e2b9c5e5fef98ca092bc92a1cb0581a61f94c25,2076.849,trials/schema-19/cli/20260914T060735-b564460a86/result.json,2026-09-14T06:07:37.304304+00:00,1,7e0d1125428f52aac130395190ddd2c4cc66832c72e31a87284b17c810fa7537,552,10,,19,130,1,0,0,1,0,0,20260914T060735-b564460a86,0,1,7814a2a02c60ddcfd23eace1bfc8a0bc02d98882440253f2c4ef4697be45febb,accepted,2487.7439169795252,682,schema-19,2,Reported token counts only. A zero count can mean usage metadata was unavailable; it does not establish zero token consumption.,1975.576,0
2,20260914T0610-baseline,Valid first attempt,True,schema,0080e40e43a8ad8f2b590b8d1e2b9c5e5fef98ca092bc92a1cb0581a61f94c25,2133.743,trials/schema-20/cli/20260914T060737-2814789b8d/result.json,2026-09-14T06:07:39.963959+00:00,1,7e0d1125428f52aac130395190ddd2c4cc66832c72e31a87284b17c810fa7537,552,10,,20,130,1,0,0,1,0,0,20260914T060737-2814789b8d,0,1,7814a2a02c60ddcfd23eace1bfc8a0bc02d98882440253f2c4ef4697be45febb,accepted,2591.5828329743817,682,schema-20,2,Reported token counts only. A zero count can mean usage metadata was unavailable; it does not establish zero token consumption.,2024.054,0
2,20260914T0610-baseline,Valid first attempt,True,schema,0080e40e43a8ad8f2b590b8d1e2b9c5e5fef98ca092bc92a1cb0581a61f94c25,2091.437,trials/schema-21/cli/20260914T060740-f93e352434/result.json,2026-09-14T06:07:42.555688+00:00,1,7e0d1125428f52aac130395190ddd2c4cc66832c72e31a87284b17c810fa7537,552,10,,21,130,1,0,0,1,0,0,20260914T060740-f93e352434,0,1,7814a2a02c60ddcfd23eace1bfc8a0bc02d98882440253f2c4ef4697be45febb,accepted,2529.950333002489,682,schema-21,2,Reported token counts only. A zero count can mean usage metadata was unavailable; it does not establish zero token consumption.,1984.76,0
2,20260914T0610-baseline,Valid first attempt,True,schema,0080e40e43a8ad8f2b590b8d1e2b9c5e5fef98ca092bc92a1cb0581a61f94c25,2108.654,trials/schema-22/cli/20260914T060742-da05926409/result.json,2026-09-14T06:07:45.160218+00:00,1,7e0d1125428f52aac130395190ddd2c4cc66832c72e31a87284b17c810fa7537,552,10,,22,130,1,0,0,1,0,0,20260914T060742-da05926409,0,1,7814a2a02c60ddcfd23eace1bfc8a0bc02d98882440253f2c4ef4697be45febb,accepted,2542.3667909926735,682,schema-22,2,Reported token counts only. A zero count can mean usage metadata was unavailable; it does not establish zero token consumption.,2006.575,0
2,20260914T0610-baseline,Valid first attempt,True,schema,0080e40e43a8ad8f2b590b8d1e2b9c5e5fef98ca092bc92a1cb0581a61f94c25,2071.939,trials/schema-23/cli/20260914T060745-0aa6ac0592/result.json,2026-09-14T06:07:47.662102+00:00,1,7e0d1125428f52aac130395190ddd2c4cc66832c72e31a87284b17c810fa7537,552,10,,23,130,1,0,0,1,0,0,20260914T060745-0aa6ac0592,0,1,7814a2a02c60ddcfd23eace1bfc8a0bc02d98882440253f2c4ef4697be45febb,accepted,2440.4224999598227,682,schema-23,2,Reported token counts only. A zero count can mean usage metadata was unavailable; it does not establish zero token consumption.,1978.649,0
2,20260914T0610-baseline,Valid first attempt,True,schema,0080e40e43a8ad8f2b590b8d1e2b9c5e5fef98ca092bc92a1cb0581a61f94c25,2132.921,trials/schema-24/cli/20260914T060747-8565bda615/result.json,2026-09-14T06:07:50.252009+00:00,1,7e0d1125428f52aac130395190ddd2c4cc66832c72e31a87284b17c810fa7537,552,10,,24,130,1,0,0,1,0,0,20260914T060747-8565bda615,0,1,7814a2a02c60ddcfd23eace1bfc8a0bc02d98882440253f2c4ef4697be45febb,accepted,2537.885500001721,682,schema-24,2,Reported token counts only. A zero count can mean usage metadata was unavailable; it does not establish zero token consumption.,2040.5349999999999,0
2,20260914T0610-baseline,Valid first attempt,True,schema,0080e40e43a8ad8f2b590b8d1e2b9c5e5fef98ca092bc92a1cb0581a61f94c25,2112.022,trials/schema-25/cli/20260914T060750-12ec391604/result.json,2026-09-14T06:07:52.866646+00:00,1,7e0d1125428f52aac130395190ddd2c4cc66832c72e31a87284b17c810fa7537,552,10,,25,130,1,0,0,1,0,0,20260914T060750-12ec391604,0,1,7814a2a02c60ddcfd23eace1bfc8a0bc02d98882440253f2c4ef4697be45febb,accepted,2549.249791947659,682,schema-25,2,Reported token counts only. A zero count can mean usage metadata was unavailable; it does not establish zero token consumption.,2003.123,0
2,20260914T0610-baseline,Valid first attempt,True,schema,0080e40e43a8ad8f2b590b8d1e2b9c5e5fef98ca092bc92a1cb0581a61f94c25,2115.936,trials/schema-26/cli/20260914T060753-3f018458d5/result.json,2026-09-14T06:07:55.453379+00:00,1,7e0d1125428f52aac130395190ddd2c4cc66832c72e31a87284b17c810fa7537,552,10,,26,130,1,0,0,1,0,0,20260914T060753-3f018458d5,0,1,7814a2a02c60ddcfd23eace1bfc8a0bc02d98882440253f2c4ef4697be45febb,accepted,2534.0272079920396,682,schema-26,2,Reported token counts only. A zero count can mean usage metadata was unavailable; it does not establish zero token consumption.,2026.429,0
2,20260914T0610-baseline,Valid first attempt,True,schema,0080e40e43a8ad8f2b590b8d1e2b9c5e5fef98ca092bc92a1cb0581a61f94c25,2147.521,trials/schema-27/cli/20260914T060755-9b2045ccd9/result.json,2026-09-14T06:07:58.119320+00:00,1,7e0d1125428f52aac130395190ddd2c4cc66832c72e31a87284b17c810fa7537,552,10,,27,130,1,0,0,1,0,0,20260914T060755-9b2045ccd9,0,1,7814a2a02c60ddcfd23eace1bfc8a0bc02d98882440253f2c4ef4697be45febb,accepted,2590.8481660299003,682,schema-27,2,Reported token counts only. A zero count can mean usage metadata was unavailable; it does not establish zero token consumption.,2040.8220000000001,0
2,20260914T0610-baseline,Valid first attempt,True,schema,0080e40e43a8ad8f2b590b8d1e2b9c5e5fef98ca092bc92a1cb0581a61f94c25,2199.796,trials/schema-28/cli/20260914T060758-2640a836b0/result.json,2026-09-14T06:08:00.780351+00:00,1,7e0d1125428f52aac130395190ddd2c4cc66832c72e31a87284b17c810fa7537,552,10,,28,130,1,0,0,1,0,0,20260914T060758-2640a836b0,0,1,7814a2a02c60ddcfd23eace1bfc8a0bc02d98882440253f2c4ef4697be45febb,accepted,2602.224792004563,682,schema-28,2,Reported token counts only. A zero count can mean usage metadata was unavailable; it does not establish zero token consumption.,2099.193,0
2,20260914T0610-baseline,Valid first attempt,True,schema,0080e40e43a8ad8f2b590b8d1e2b9c5e5fef98ca092bc92a1cb0581a61f94c25,2144.004,trials/schema-29/cli/20260914T060801-d20cb23bb5/result.json,2026-09-14T06:08:03.395391+00:00,1,7e0d1125428f52aac130395190ddd2c4cc66832c72e31a87284b17c810fa7537,552,10,,29,130,1,0,0,1,0,0,20260914T060801-d20cb23bb5,0,1,7814a2a02c60ddcfd23eace1bfc8a0bc02d98882440253f2c4ef4697be45febb,accepted,2549.1015830193646,682,schema-29,2,Reported token counts only. A zero count can mean usage metadata was unavailable; it does not establish zero token consumption.,2037.462,0
2,20260914T0610-baseline,Valid first attempt,True,schema,0080e40e43a8ad8f2b590b8d1e2b9c5e5fef98ca092bc92a1cb0581a61f94c25,2228.172,trials/schema-30/cli/20260914T060803-54cd43f3c6/result.json,2026-09-14T06:08:06.258609+00:00,1,7e0d1125428f52aac130395190ddd2c4cc66832c72e31a87284b17c810fa7537,552,10,,30,130,1,0,0,1,0,0,20260914T060803-54cd43f3c6,0,1,7814a2a02c60ddcfd23eace1bfc8a0bc02d98882440253f2c4ef4697be45febb,accepted,2750.2071249764413,682,schema-30,2,Reported token counts only. A zero count can mean usage metadata was unavailable; it does not establish zero token consumption.,2133.58,0
2,20260914T0610-baseline,Valid first attempt,True,ceiling_2,0080e40e43a8ad8f2b590b8d1e2b9c5e5fef98ca092bc92a1cb0581a61f94c25,2062.517,trials/pair-01-c2/cli/20260914T060806-fb622b4dbd/result.json,2026-09-14T06:08:09.113348+00:00,1,7e0d1125428f52aac130395190ddd2c4cc66832c72e31a87284b17c810fa7537,552,2,,31,130,1,0,0,1,0,0,20260914T060806-fb622b4dbd,0,1,7814a2a02c60ddcfd23eace1bfc8a0bc02d98882440253f2c4ef4697be45febb,accepted,2739.109208981972,682,pair-01-c2,2,Reported token counts only. A zero count can mean usage metadata was unavailable; it does not establish zero token consumption.,1931.6129999999998,0
2,20260914T0610-baseline,Valid first attempt,True,ceiling_10,0080e40e43a8ad8f2b590b8d1e2b9c5e5fef98ca092bc92a1cb0581a61f94c25,2254.369,trials/pair-01-c10/cli/20260914T060809-2e2cc33228/result.json,2026-09-14T06:08:11.935438+00:00,1,7e0d1125428f52aac130395190ddd2c4cc66832c72e31a87284b17c810fa7537,552,10,,32,130,1,0,0,1,0,0,20260914T060809-2e2cc33228,0,1,7814a2a02c60ddcfd23eace1bfc8a0bc02d98882440253f2c4ef4697be45febb,accepted,2767.5900000031106,682,pair-01-c10,2,Reported token counts only. A zero count can mean usage metadata was unavailable; it does not establish zero token consumption.,2159.751,0
2,20260914T0610-baseline,Valid first attempt,True,ceiling_10,0080e40e43a8ad8f2b590b8d1e2b9c5e5fef98ca092bc92a1cb0581a61f94c25,2108.641,trials/pair-02-c10/cli/20260914T060812-7f2445d4b5/result.json,2026-09-14T06:08:14.700951+00:00,1,7e0d1125428f52aac130395190ddd2c4cc66832c72e31a87284b17c810fa7537,552,10,,33,130,1,0,0,1,0,0,20260914T060812-7f2445d4b5,0,1,7814a2a02c60ddcfd23eace1bfc8a0bc02d98882440253f2c4ef4697be45febb,accepted,2653.7117090192623,682,pair-02-c10,2,Reported token counts only. A zero count can mean usage metadata was unavailable; it does not establish zero token consumption.,1981.408,0
2,20260914T0610-baseline,Valid first attempt,True,ceiling_2,0080e40e43a8ad8f2b590b8d1e2b9c5e5fef98ca092bc92a1cb0581a61f94c25,2264.834,trials/pair-02-c2/cli/20260914T060815-f0f23409e9/result.json,2026-09-14T06:08:17.654865+00:00,1,7e0d1125428f52aac130395190ddd2c4cc66832c72e31a87284b17c810fa7537,552,2,,34,130,1,0,0,1,0,0,20260914T060815-f0f23409e9,0,1,7814a2a02c60ddcfd23eace1bfc8a0bc02d98882440253f2c4ef4697be45febb,accepted,2887.394416029565,682,pair-02-c2,2,Reported token counts only. A zero count can mean usage metadata was unavailable; it does not establish zero token consumption.,2164.933,0
2,20260914T0610-baseline,Valid first attempt,True,ceiling_2,0080e40e43a8ad8f2b590b8d1e2b9c5e5fef98ca092bc92a1cb0581a61f94c25,2133.772,trials/pair-03-c2/cli/20260914T060818-c071e4f9c8/result.json,2026-09-14T06:08:20.424958+00:00,1,7e0d1125428f52aac130395190ddd2c4cc66832c72e31a87284b17c810fa7537,552,2,,35,130,1,0,0,1,0,0,20260914T060818-c071e4f9c8,0,1,7814a2a02c60ddcfd23eace1bfc8a0bc02d98882440253f2c4ef4697be45febb,accepted,2674.8434999608435,682,pair-03-c2,2,Reported token counts only. A zero count can mean usage metadata was unavailable; it does not establish zero token consumption.,2010.579,0
2,20260914T0610-baseline,Valid first attempt,True,ceiling_10,0080e40e43a8ad8f2b590b8d1e2b9c5e5fef98ca092bc92a1cb0581a61f94c25,2327.707,trials/pair-03-c10/cli/20260914T060820-b9ebfdfcf9/result.json,2026-09-14T06:08:23.344295+00:00,1,7e0d1125428f52aac130395190ddd2c4cc66832c72e31a87284b17c810fa7537,552,10,,36,130,1,0,0,1,0,0,20260914T060820-b9ebfdfcf9,0,1,7814a2a02c60ddcfd23eace1bfc8a0bc02d98882440253f2c4ef4697be45febb,accepted,2849.5776249910705,682,pair-03-c10,2,Reported token counts only. A zero count can mean usage metadata was unavailable; it does not establish zero token consumption.,2229.94,0
2,20260914T0610-baseline,Valid first attempt,True,ceiling_10,0080e40e43a8ad8f2b590b8d1e2b9c5e5fef98ca092bc92a1cb0581a61f94c25,2143.692,trials/pair-04-c10/cli/20260914T060823-70348739fe/result.json,2026-09-14T06:08:26.229974+00:00,1,7e0d1125428f52aac130395190ddd2c4cc66832c72e31a87284b17c810fa7537,552,10,,37,130,1,0,0,1,0,0,20260914T060823-70348739fe,0,1,7814a2a02c60ddcfd23eace1bfc8a0bc02d98882440253f2c4ef4697be45febb,accepted,2764.2779580201022,682,pair-04-c10,2,Reported token counts only. A zero count can mean usage metadata was unavailable; it does not establish zero token consumption.,2023.382,0
2,20260914T0610-baseline,Valid first attempt,True,ceiling_2,0080e40e43a8ad8f2b590b8d1e2b9c5e5fef98ca092bc92a1cb0581a61f94c25,2252.2,trials/pair-04-c2/cli/20260914T060826-e2acc7f023/result.json,2026-09-14T06:08:29.231945+00:00,1,7e0d1125428f52aac130395190ddd2c4cc66832c72e31a87284b17c810fa7537,552,2,,38,130,1,0,0,1,0,0,20260914T060826-e2acc7f023,0,1,7814a2a02c60ddcfd23eace1bfc8a0bc02d98882440253f2c4ef4697be45febb,accepted,2904.1919159935787,682,pair-04-c2,2,Reported token counts only. A zero count can mean usage metadata was unavailable; it does not establish zero token consumption.,2129.599,0
2,20260914T0610-baseline,Valid first attempt,True,ceiling_2,0080e40e43a8ad8f2b590b8d1e2b9c5e5fef98ca092bc92a1cb0581a61f94c25,2269.036,trials/pair-05-c2/cli/20260914T060829-447930a244/result.json,2026-09-14T06:08:32.258677+00:00,1,7e0d1125428f52aac130395190ddd2c4cc66832c72e31a87284b17c810fa7537,552,2,,39,130,1,0,0,1,0,0,20260914T060829-447930a244,0,1,7814a2a02c60ddcfd23eace1bfc8a0bc02d98882440253f2c4ef4697be45febb,accepted,2919.4289169972762,682,pair-05-c2,2,Reported token counts only. A zero count can mean usage metadata was unavailable; it does not establish zero token consumption.,2152.96,0
2,20260914T0610-baseline,Valid first attempt,True,ceiling_10,0080e40e43a8ad8f2b590b8d1e2b9c5e5fef98ca092bc92a1cb0581a61f94c25,2242.787,trials/pair-05-c10/cli/20260914T060832-506a97550a/result.json,2026-09-14T06:08:35.320372+00:00,1,7e0d1125428f52aac130395190ddd2c4cc66832c72e31a87284b17c810fa7537,552,10,,40,130,1,0,0,1,0,0,20260914T060832-506a97550a,0,1,7814a2a02c60ddcfd23eace1bfc8a0bc02d98882440253f2c4ef4697be45febb,accepted,2924.5998749975115,682,pair-05-c10,2,Reported token counts only. A zero count can mean usage metadata was unavailable; it does not establish zero token consumption.,2101.423,0
2,20260914T0610-baseline,Valid first attempt,True,ceiling_10,0080e40e43a8ad8f2b590b8d1e2b9c5e5fef98ca092bc92a1cb0581a61f94c25,2264.672,trials/pair-06-c10/cli/20260914T060835-f5b828c2d2/result.json,2026-09-14T06:08:38.326759+00:00,1,7e0d1125428f52aac130395190ddd2c4cc66832c72e31a87284b17c810fa7537,552,10,,41,130,1,0,0,1,0,0,20260914T060835-f5b828c2d2,0,1,7814a2a02c60ddcfd23eace1bfc8a0bc02d98882440253f2c4ef4697be45febb,accepted,2900.8674590149894,682,pair-06-c10,2,Reported token counts only. A zero count can mean usage metadata was unavailable; it does not establish zero token consumption.,2150.4,0
2,20260914T0610-baseline,Valid first attempt,True,ceiling_2,0080e40e43a8ad8f2b590b8d1e2b9c5e5fef98ca092bc92a1cb0581a61f94c25,2320.638,trials/pair-06-c2/cli/20260914T060838-eb9c88c8b0/result.json,2026-09-14T06:08:41.480067+00:00,1,7e0d1125428f52aac130395190ddd2c4cc66832c72e31a87284b17c810fa7537,552,2,,42,130,1,0,0,1,0,0,20260914T060838-eb9c88c8b0,0,1,7814a2a02c60ddcfd23eace1bfc8a0bc02d98882440253f2c4ef4697be45febb,accepted,2994.9624169967137,682,pair-06-c2,2,Reported token counts only. A zero count can mean usage metadata was unavailable; it does not establish zero token consumption.,2188.047,0
2,20260914T0610-baseline,Valid first attempt,True,ceiling_2,0080e40e43a8ad8f2b590b8d1e2b9c5e5fef98ca092bc92a1cb0581a61f94c25,2288.232,trials/pair-07-c2/cli/20260914T060842-8e39888f9f/result.json,2026-09-14T06:08:44.606226+00:00,1,7e0d1125428f52aac130395190ddd2c4cc66832c72e31a87284b17c810fa7537,552,2,,43,130,1,0,0,1,0,0,20260914T060842-8e39888f9f,0,1,7814a2a02c60ddcfd23eace1bfc8a0bc02d98882440253f2c4ef4697be45febb,accepted,2983.2352079683915,682,pair-07-c2,2,Reported token counts only. A zero count can mean usage metadata was unavailable; it does not establish zero token consumption.,2149.271,0
2,20260914T0610-baseline,Valid first attempt,True,ceiling_10,0080e40e43a8ad8f2b590b8d1e2b9c5e5fef98ca092bc92a1cb0581a61f94c25,2405.957,trials/pair-07-c10/cli/20260914T060845-987b1bef6a/result.json,2026-09-14T06:08:48.033676+00:00,1,7e0d1125428f52aac130395190ddd2c4cc66832c72e31a87284b17c810fa7537,552,10,,44,130,1,0,0,1,0,0,20260914T060845-987b1bef6a,0,1,7814a2a02c60ddcfd23eace1bfc8a0bc02d98882440253f2c4ef4697be45febb,accepted,3249.183875042945,682,pair-07-c10,2,Reported token counts only. A zero count can mean usage metadata was unavailable; it does not establish zero token consumption.,2273.124,0
2,20260914T0610-baseline,Valid first attempt,True,ceiling_10,0080e40e43a8ad8f2b590b8d1e2b9c5e5fef98ca092bc92a1cb0581a61f94c25,2359.2,trials/pair-08-c10/cli/20260914T060848-d04360b58d/result.json,2026-09-14T06:08:51.279391+00:00,1,7e0d1125428f52aac130395190ddd2c4cc66832c72e31a87284b17c810fa7537,552,10,,45,130,1,0,0,1,0,0,20260914T060848-d04360b58d,0,1,7814a2a02c60ddcfd23eace1bfc8a0bc02d98882440253f2c4ef4697be45febb,accepted,3110.660584003199,682,pair-08-c10,2,Reported token counts only. A zero count can mean usage metadata was unavailable; it does not establish zero token consumption.,2185.436,0
2,20260914T0610-baseline,Valid first attempt,True,ceiling_2,0080e40e43a8ad8f2b590b8d1e2b9c5e5fef98ca092bc92a1cb0581a61f94c25,2447.217,trials/pair-08-c2/cli/20260914T060851-e45fbc96f7/result.json,2026-09-14T06:08:54.604329+00:00,1,7e0d1125428f52aac130395190ddd2c4cc66832c72e31a87284b17c810fa7537,552,2,,46,130,1,0,0,1,0,0,20260914T060851-e45fbc96f7,0,1,7814a2a02c60ddcfd23eace1bfc8a0bc02d98882440253f2c4ef4697be45febb,accepted,3185.062791046221,682,pair-08-c2,2,Reported token counts only. A zero count can mean usage metadata was unavailable; it does not establish zero token consumption.,2294.693,0
2,20260914T0610-baseline,Valid first attempt,True,ceiling_2,0080e40e43a8ad8f2b590b8d1e2b9c5e5fef98ca092bc92a1cb0581a61f94c25,2579.891,trials/pair-09-c2/cli/20260914T060855-35648fb6d6/result.json,2026-09-14T06:08:58.186998+00:00,1,7e0d1125428f52aac130395190ddd2c4cc66832c72e31a87284b17c810fa7537,552,2,,47,130,1,0,0,1,0,0,20260914T060855-35648fb6d6,0,1,7814a2a02c60ddcfd23eace1bfc8a0bc02d98882440253f2c4ef4697be45febb,accepted,3438.307667034678,682,pair-09-c2,2,Reported token counts only. A zero count can mean usage metadata was unavailable; it does not establish zero token consumption.,2433.822,0
2,20260914T0610-baseline,Valid first attempt,True,ceiling_10,0080e40e43a8ad8f2b590b8d1e2b9c5e5fef98ca092bc92a1cb0581a61f94c25,2439.678,trials/pair-09-c10/cli/20260914T060858-f504cf0909/result.json,2026-09-14T06:09:01.541818+00:00,1,7e0d1125428f52aac130395190ddd2c4cc66832c72e31a87284b17c810fa7537,552,10,,48,130,1,0,0,1,0,0,20260914T060858-f504cf0909,0,1,7814a2a02c60ddcfd23eace1bfc8a0bc02d98882440253f2c4ef4697be45febb,accepted,3230.282125005033,682,pair-09-c10,2,Reported token counts only. A zero count can mean usage metadata was unavailable; it does not establish zero token consumption.,2283.177,0
2,20260914T0610-baseline,Valid first attempt,True,ceiling_10,0080e40e43a8ad8f2b590b8d1e2b9c5e5fef98ca092bc92a1cb0581a61f94c25,2479.637,trials/pair-10-c10/cli/20260914T060902-be88f870da/result.json,2026-09-14T06:09:05.012663+00:00,1,7e0d1125428f52aac130395190ddd2c4cc66832c72e31a87284b17c810fa7537,552,10,,49,130,1,0,0,1,0,0,20260914T060902-be88f870da,0,1,7814a2a02c60ddcfd23eace1bfc8a0bc02d98882440253f2c4ef4697be45febb,accepted,3324.1260410286486,682,pair-10-c10,2,Reported token counts only. A zero count can mean usage metadata was unavailable; it does not establish zero token consumption.,2347.7110000000002,0
2,20260914T0610-baseline,Valid first attempt,True,ceiling_2,0080e40e43a8ad8f2b590b8d1e2b9c5e5fef98ca092bc92a1cb0581a61f94c25,2762.701,trials/pair-10-c2/cli/20260914T060905-ffaf2d4e51/result.json,2026-09-14T06:09:08.927653+00:00,1,7e0d1125428f52aac130395190ddd2c4cc66832c72e31a87284b17c810fa7537,552,2,,50,130,1,0,0,1,0,0,20260914T060905-ffaf2d4e51,0,1,7814a2a02c60ddcfd23eace1bfc8a0bc02d98882440253f2c4ef4697be45febb,accepted,3709.602083021309,682,pair-10-c2,2,Reported token counts only. A zero count can mean usage metadata was unavailable; it does not establish zero token consumption.,2609.5370000000003,0
2,20260914T0610-baseline,Valid first attempt,True,ceiling_2,0080e40e43a8ad8f2b590b8d1e2b9c5e5fef98ca092bc92a1cb0581a61f94c25,2578.009,trials/pair-11-c2/cli/20260914T060909-87099653d2/result.json,2026-09-14T06:09:12.544875+00:00,1,7e0d1125428f52aac130395190ddd2c4cc66832c72e31a87284b17c810fa7537,552,2,,51,130,1,0,0,1,0,0,20260914T060909-87099653d2,0,1,7814a2a02c60ddcfd23eace1bfc8a0bc02d98882440253f2c4ef4697be45febb,accepted,3490.492000011727,682,pair-11-c2,2,Reported token counts only. A zero count can mean usage metadata was unavailable; it does not establish zero token consumption.,2431.302,0
2,20260914T0610-baseline,Valid first attempt,True,ceiling_10,0080e40e43a8ad8f2b590b8d1e2b9c5e5fef98ca092bc92a1cb0581a61f94c25,2788.532,trials/pair-11-c10/cli/20260914T060913-1af3d6384e/result.json,2026-09-14T06:09:16.512542+00:00,1,7e0d1125428f52aac130395190ddd2c4cc66832c72e31a87284b17c810fa7537,552,10,,52,130,1,0,0,1,0,0,20260914T060913-1af3d6384e,0,1,7814a2a02c60ddcfd23eace1bfc8a0bc02d98882440253f2c4ef4697be45febb,accepted,3812.731249956414,682,pair-11-c10,2,Reported token counts only. A zero count can mean usage metadata was unavailable; it does not establish zero token consumption.,2598.907,0
2,20260914T0610-baseline,Valid first attempt,True,ceiling_10,0080e40e43a8ad8f2b590b8d1e2b9c5e5fef98ca092bc92a1cb0581a61f94c25,2796.707,trials/pair-12-c10/cli/20260914T060917-c3f0d27335/result.json,2026-09-14T06:09:20.509336+00:00,1,7e0d1125428f52aac130395190ddd2c4cc66832c72e31a87284b17c810fa7537,552,10,,53,130,1,0,0,1,0,0,20260914T060917-c3f0d27335,0,1,7814a2a02c60ddcfd23eace1bfc8a0bc02d98882440253f2c4ef4697be45febb,accepted,3821.572125016246,682,pair-12-c10,2,Reported token counts only. A zero count can mean usage metadata was unavailable; it does not establish zero token consumption.,2652.668,0
2,20260914T0610-baseline,Valid first attempt,True,ceiling_2,0080e40e43a8ad8f2b590b8d1e2b9c5e5fef98ca092bc92a1cb0581a61f94c25,2653.861,trials/pair-12-c2/cli/20260914T060921-8889ebd59c/result.json,2026-09-14T06:09:24.304796+00:00,1,7e0d1125428f52aac130395190ddd2c4cc66832c72e31a87284b17c810fa7537,552,2,,54,130,1,0,0,1,0,0,20260914T060921-8889ebd59c,0,1,7814a2a02c60ddcfd23eace1bfc8a0bc02d98882440253f2c4ef4697be45febb,accepted,3612.43979196297,682,pair-12-c2,2,Reported token counts only. A zero count can mean usage metadata was unavailable; it does not establish zero token consumption.,2486.212,0
2,20260914T0610-baseline,Valid first attempt,True,ceiling_2,0080e40e43a8ad8f2b590b8d1e2b9c5e5fef98ca092bc92a1cb0581a61f94c25,2591.161,trials/pair-13-c2/cli/20260914T060924-66ec8ae3ca/result.json,2026-09-14T06:09:28.143757+00:00,1,7e0d1125428f52aac130395190ddd2c4cc66832c72e31a87284b17c810fa7537,552,2,,55,130,1,0,0,1,0,0,20260914T060924-66ec8ae3ca,0,1,7814a2a02c60ddcfd23eace1bfc8a0bc02d98882440253f2c4ef4697be45febb,accepted,3683.4504169528373,682,pair-13-c2,2,Reported token counts only. A zero count can mean usage metadata was unavailable; it does not establish zero token consumption.,2442.0249999999996,0
2,20260914T0610-baseline,Valid first attempt,True,ceiling_10,0080e40e43a8ad8f2b590b8d1e2b9c5e5fef98ca092bc92a1cb0581a61f94c25,2512.746,trials/pair-13-c10/cli/20260914T060928-25b88bd76c/result.json,2026-09-14T06:09:31.563531+00:00,1,7e0d1125428f52aac130395190ddd2c4cc66832c72e31a87284b17c810fa7537,552,10,,56,130,1,0,0,1,0,0,20260914T060928-25b88bd76c,0,1,7814a2a02c60ddcfd23eace1bfc8a0bc02d98882440253f2c4ef4697be45febb,accepted,3300.8020410197787,682,pair-13-c10,2,Reported token counts only. A zero count can mean usage metadata was unavailable; it does not establish zero token consumption.,2383.2980000000002,0
2,20260914T0610-baseline,Valid first attempt,True,ceiling_10,0080e40e43a8ad8f2b590b8d1e2b9c5e5fef98ca092bc92a1cb0581a61f94c25,2741.579,trials/pair-14-c10/cli/20260914T060932-c50f20c6e5/result.json,2026-09-14T06:09:35.553213+00:00,1,7e0d1125428f52aac130395190ddd2c4cc66832c72e31a87284b17c810fa7537,552,10,,57,130,1,0,0,1,0,0,20260914T060932-c50f20c6e5,0,1,7814a2a02c60ddcfd23eace1bfc8a0bc02d98882440253f2c4ef4697be45febb,accepted,3794.523584016133,682,pair-14-c10,2,Reported token counts only. A zero count can mean usage metadata was unavailable; it does not establish zero token consumption.,2570.285,0
2,20260914T0610-baseline,Valid first attempt,True,ceiling_2,0080e40e43a8ad8f2b590b8d1e2b9c5e5fef98ca092bc92a1cb0581a61f94c25,2631.895,trials/pair-14-c2/cli/20260914T060936-66378d27f5/result.json,2026-09-14T06:09:39.286366+00:00,1,7e0d1125428f52aac130395190ddd2c4cc66832c72e31a87284b17c810fa7537,552,2,,58,130,1,0,0,1,0,0,20260914T060936-66378d27f5,0,1,7814a2a02c60ddcfd23eace1bfc8a0bc02d98882440253f2c4ef4697be45febb,accepted,3572.013584023807,682,pair-14-c2,2,Reported token counts only. A zero count can mean usage metadata was unavailable; it does not establish zero token consumption.,2480.05,0
2,20260914T0610-baseline,Valid first attempt,True,ceiling_2,0080e40e43a8ad8f2b590b8d1e2b9c5e5fef98ca092bc92a1cb0581a61f94c25,2817.738,trials/pair-15-c2/cli/20260914T060940-2bca8582cd/result.json,2026-09-14T06:09:43.287098+00:00,1,7e0d1125428f52aac130395190ddd2c4cc66832c72e31a87284b17c810fa7537,552,2,,59,130,1,0,0,1,0,0,20260914T060940-2bca8582cd,0,1,7814a2a02c60ddcfd23eace1bfc8a0bc02d98882440253f2c4ef4697be45febb,accepted,3810.4057500022464,682,pair-15-c2,2,Reported token counts only. A zero count can mean usage metadata was unavailable; it does not establish zero token consumption.,2625.535,0
2,20260914T0610-baseline,Valid first attempt,True,ceiling_10,0080e40e43a8ad8f2b590b8d1e2b9c5e5fef98ca092bc92a1cb0581a61f94c25,2607.433,trials/pair-15-c10/cli/20260914T060943-9085df1e90/result.json,2026-09-14T06:09:46.994415+00:00,1,7e0d1125428f52aac130395190ddd2c4cc66832c72e31a87284b17c810fa7537,552,10,,60,130,1,0,0,1,0,0,20260914T060943-9085df1e90,0,1,7814a2a02c60ddcfd23eace1bfc8a0bc02d98882440253f2c4ef4697be45febb,accepted,3557.3615419561975,682,pair-15-c10,2,Reported token counts only. A zero count can mean usage metadata was unavailable; it does not establish zero token consumption.,2441.543,0
2,20260914T0610-baseline,Valid first attempt,True,ceiling_10,0080e40e43a8ad8f2b590b8d1e2b9c5e5fef98ca092bc92a1cb0581a61f94c25,2698.097,trials/pair-16-c10/cli/20260914T060947-e8082639b3/result.json,2026-09-14T06:09:50.610826+00:00,1,7e0d1125428f52aac130395190ddd2c4cc66832c72e31a87284b17c810fa7537,552,10,,61,130,1,0,0,1,0,0,20260914T060947-e8082639b3,0,1,7814a2a02c60ddcfd23eace1bfc8a0bc02d98882440253f2c4ef4697be45febb,accepted,3477.4761659791693,682,pair-16-c10,2,Reported token counts only. A zero count can mean usage metadata was unavailable; it does not establish zero token consumption.,2545.1130000000003,0
2,20260914T0610-baseline,Valid first attempt,True,ceiling_2,0080e40e43a8ad8f2b590b8d1e2b9c5e5fef98ca092bc92a1cb0581a61f94c25,2754.436,trials/pair-16-c2/cli/20260914T060951-cd44767cfd/result.json,2026-09-14T06:09:54.537202+00:00,1,7e0d1125428f52aac130395190ddd2c4cc66832c72e31a87284b17c810fa7537,552,2,,62,130,1,0,0,1,0,0,20260914T060951-cd44767cfd,0,1,7814a2a02c60ddcfd23eace1bfc8a0bc02d98882440253f2c4ef4697be45febb,accepted,3758.4646670147777,682,pair-16-c2,2,Reported token counts only. A zero count can mean usage metadata was unavailable; it does not establish zero token consumption.,2598.049,0
2,20260914T0610-baseline,Valid first attempt,True,ceiling_2,0080e40e43a8ad8f2b590b8d1e2b9c5e5fef98ca092bc92a1cb0581a61f94c25,2558.368,trials/pair-17-c2/cli/20260914T060955-50236a77b5/result.json,2026-09-14T06:09:58.197409+00:00,1,7e0d1125428f52aac130395190ddd2c4cc66832c72e31a87284b17c810fa7537,552,2,,63,130,1,0,0,1,0,0,20260914T060955-50236a77b5,0,1,7814a2a02c60ddcfd23eace1bfc8a0bc02d98882440253f2c4ef4697be45febb,accepted,3509.87237499794,682,pair-17-c2,2,Reported token counts only. A zero count can mean usage metadata was unavailable; it does not establish zero token consumption.,2405.412,0
2,20260914T0610-baseline,Valid first attempt,True,ceiling_10,0080e40e43a8ad8f2b590b8d1e2b9c5e5fef98ca092bc92a1cb0581a61f94c25,2692.98,trials/pair-17-c10/cli/20260914T060958-3eea2d37bf/result.json,2026-09-14T06:10:01.841025+00:00,1,7e0d1125428f52aac130395190ddd2c4cc66832c72e31a87284b17c810fa7537,552,10,,64,130,1,0,0,1,0,0,20260914T060958-3eea2d37bf,0,1,7814a2a02c60ddcfd23eace1bfc8a0bc02d98882440253f2c4ef4697be45febb,accepted,3482.4247079668567,682,pair-17-c10,2,Reported token counts only. A zero count can mean usage metadata was unavailable; it does not establish zero token consumption.,2517.671,0
2,20260914T0610-baseline,Valid first attempt,True,ceiling_10,0080e40e43a8ad8f2b590b8d1e2b9c5e5fef98ca092bc92a1cb0581a61f94c25,2493.425,trials/pair-18-c10/cli/20260914T061002-a5fe771bf3/result.json,2026-09-14T06:10:05.216190+00:00,1,7e0d1125428f52aac130395190ddd2c4cc66832c72e31a87284b17c810fa7537,552,10,,65,130,1,0,0,1,0,0,20260914T061002-a5fe771bf3,0,1,7814a2a02c60ddcfd23eace1bfc8a0bc02d98882440253f2c4ef4697be45febb,accepted,3245.7478339783847,682,pair-18-c10,2,Reported token counts only. A zero count can mean usage metadata was unavailable; it does not establish zero token consumption.,2364.949,0
2,20260914T0610-baseline,Valid first attempt,True,ceiling_2,0080e40e43a8ad8f2b590b8d1e2b9c5e5fef98ca092bc92a1cb0581a61f94c25,2613.23,trials/pair-18-c2/cli/20260914T061005-5ac01cd8df/result.json,2026-09-14T06:10:08.876132+00:00,1,7e0d1125428f52aac130395190ddd2c4cc66832c72e31a87284b17c810fa7537,552,2,,66,130,1,0,0,1,0,0,20260914T061005-5ac01cd8df,0,1,7814a2a02c60ddcfd23eace1bfc8a0bc02d98882440253f2c4ef4697be45febb,accepted,3478.040207992308,682,pair-18-c2,2,Reported token counts only. A zero count can mean usage metadata was unavailable; it does not establish zero token consumption.,2441.522,0
2,20260914T0610-baseline,Valid first attempt,True,ceiling_2,0080e40e43a8ad8f2b590b8d1e2b9c5e5fef98ca092bc92a1cb0581a61f94c25,2620.696,trials/pair-19-c2/cli/20260914T061009-5f8613d7b7/result.json,2026-09-14T06:10:12.399459+00:00,1,7e0d1125428f52aac130395190ddd2c4cc66832c72e31a87284b17c810fa7537,552,2,,67,130,1,0,0,1,0,0,20260914T061009-5f8613d7b7,0,1,7814a2a02c60ddcfd23eace1bfc8a0bc02d98882440253f2c4ef4697be45febb,accepted,3378.395083011128,682,pair-19-c2,2,Reported token counts only. A zero count can mean usage metadata was unavailable; it does not establish zero token consumption.,2472.863,0
2,20260914T0610-baseline,Valid first attempt,True,ceiling_10,0080e40e43a8ad8f2b590b8d1e2b9c5e5fef98ca092bc92a1cb0581a61f94c25,2477.795,trials/pair-19-c10/cli/20260914T061013-f52ffdeeda/result.json,2026-09-14T06:10:15.774038+00:00,1,7e0d1125428f52aac130395190ddd2c4cc66832c72e31a87284b17c810fa7537,552,10,,68,130,1,0,0,1,0,0,20260914T061013-f52ffdeeda,0,1,7814a2a02c60ddcfd23eace1bfc8a0bc02d98882440253f2c4ef4697be45febb,accepted,3211.4672909956425,682,pair-19-c10,2,Reported token counts only. A zero count can mean usage metadata was unavailable; it does not establish zero token consumption.,2339.375,0
2,20260914T0610-baseline,Valid first attempt,True,ceiling_10,0080e40e43a8ad8f2b590b8d1e2b9c5e5fef98ca092bc92a1cb0581a61f94c25,2609.288,trials/pair-20-c10/cli/20260914T061016-d339093b75/result.json,2026-09-14T06:10:19.352009+00:00,1,7e0d1125428f52aac130395190ddd2c4cc66832c72e31a87284b17c810fa7537,552,10,,69,130,1,0,0,1,0,0,20260914T061016-d339093b75,0,1,7814a2a02c60ddcfd23eace1bfc8a0bc02d98882440253f2c4ef4697be45febb,accepted,3414.8966670036316,682,pair-20-c10,2,Reported token counts only. A zero count can mean usage metadata was unavailable; it does not establish zero token consumption.,2430.82,0
2,20260914T0610-baseline,Valid first attempt,True,ceiling_2,0080e40e43a8ad8f2b590b8d1e2b9c5e5fef98ca092bc92a1cb0581a61f94c25,2512.254,trials/pair-20-c2/cli/20260914T061019-48cdc9e509/result.json,2026-09-14T06:10:22.790038+00:00,1,7e0d1125428f52aac130395190ddd2c4cc66832c72e31a87284b17c810fa7537,552,2,,70,130,1,0,0,1,0,0,20260914T061019-48cdc9e509,0,1,7814a2a02c60ddcfd23eace1bfc8a0bc02d98882440253f2c4ef4697be45febb,accepted,3306.8330410169438,682,pair-20-c2,2,Reported token counts only. A zero count can mean usage metadata was unavailable; it does not establish zero token consumption.,2378.314,0
10,20260914T0610-baseline,Hit turn ceiling,True,adversarial,0080e40e43a8ad8f2b590b8d1e2b9c5e5fef98ca092bc92a1cb0581a61f94c25,7601.189,trials/adversarial-01/cli/20260914T061023-45e9525e7e/result.json,2026-09-14T06:10:31.472786+00:00,,3034c17f31a1da32a8295333ce09c2bf24c04f94d9647b79900048d0008c0e57,4226,10,,71,345,10,9,1,0,0,0,20260914T061023-45e9525e7e,10,1,7814a2a02c60ddcfd23eace1bfc8a0bc02d98882440253f2c4ef4697be45febb,turn_limit,8493.119749997277,4571,adversarial-01,10,Reported token counts only. A zero count can mean usage metadata was unavailable; it does not establish zero token consumption.,7426.3460000000005,0
10,20260914T0610-baseline,Hit turn ceiling,True,adversarial,0080e40e43a8ad8f2b590b8d1e2b9c5e5fef98ca092bc92a1cb0581a61f94c25,7346.801,trials/adversarial-02/cli/20260914T061032-c06f54b046/result.json,2026-09-14T06:10:39.828444+00:00,,3034c17f31a1da32a8295333ce09c2bf24c04f94d9647b79900048d0008c0e57,4226,10,,72,345,10,9,1,0,0,0,20260914T061032-c06f54b046,10,1,7814a2a02c60ddcfd23eace1bfc8a0bc02d98882440253f2c4ef4697be45febb,turn_limit,8227.889041998424,4571,adversarial-02,10,Reported token counts only. A zero count can mean usage metadata was unavailable; it does not establish zero token consumption.,7192.595,0
10,20260914T0610-baseline,Hit turn ceiling,True,adversarial,0080e40e43a8ad8f2b590b8d1e2b9c5e5fef98ca092bc92a1cb0581a61f94c25,7334.468,trials/adversarial-03/cli/20260914T061040-1735d7cf62/result.json,2026-09-14T06:10:48.019913+00:00,,3034c17f31a1da32a8295333ce09c2bf24c04f94d9647b79900048d0008c0e57,4226,10,,73,345,10,9,1,0,0,0,20260914T061040-1735d7cf62,10,1,7814a2a02c60ddcfd23eace1bfc8a0bc02d98882440253f2c4ef4697be45febb,turn_limit,8041.7208329890855,4571,adversarial-03,10,Reported token counts only. A zero count can mean usage metadata was unavailable; it does not establish zero token consumption.,7164.546,0
10,20260914T0610-baseline,Hit turn ceiling,True,adversarial,0080e40e43a8ad8f2b590b8d1e2b9c5e5fef98ca092bc92a1cb0581a61f94c25,7595.119,trials/adversarial-04/cli/20260914T061048-65b4fbb71e/result.json,2026-09-14T06:10:56.519890+00:00,,3034c17f31a1da32a8295333ce09c2bf24c04f94d9647b79900048d0008c0e57,4226,10,,74,345,10,9,1,0,0,0,20260914T061048-65b4fbb71e,10,1,7814a2a02c60ddcfd23eace1bfc8a0bc02d98882440253f2c4ef4697be45febb,turn_limit,8365.502125001512,4571,adversarial-04,10,Reported token counts only. A zero count can mean usage metadata was unavailable; it does not establish zero token consumption.,7439.828,0
10,20260914T0610-baseline,Hit turn ceiling,True,adversarial,0080e40e43a8ad8f2b590b8d1e2b9c5e5fef98ca092bc92a1cb0581a61f94c25,7319.092,trials/adversarial-05/cli/20260914T061057-f7e26ed2d1/result.json,2026-09-14T06:11:04.869582+00:00,,3034c17f31a1da32a8295333ce09c2bf24c04f94d9647b79900048d0008c0e57,4226,10,,75,345,10,9,1,0,0,0,20260914T061057-f7e26ed2d1,10,1,7814a2a02c60ddcfd23eace1bfc8a0bc02d98882440253f2c4ef4697be45febb,turn_limit,8198.0811249814,4571,adversarial-05,10,Reported token counts only. A zero count can mean usage metadata was unavailable; it does not establish zero token consumption.,7158.634,0
