question_id,configuration,k,response_id,reused_main,returned_count,retained_count,context_chunk_ids,evidence_token_bound,prompt_eval_tokens,output_tokens,generation_seconds,answer,correct_retrieval,final_context_coverage,correct_answer,grounded,refused_when_needed,semantic_refusal,exact_refusal,supported_claims,total_claims,format_compliance,reasons
Q2,B,1,Q2-B-k1,False,1,1,"[""EPA_LEAD:3830114fcc78:0009535-0009993""]",96,171,87,4.121804499998689,"According to the EPA pamphlet, a lead-based paint inspection locates any lead hazards in a home, specifically focusing on deteriorated paint on doors, windows, floors, stairs, and walls. On the other hand, a risk assessment identifies any lead hazards in a home, including those from dust near painted surfaces and bare soil in the yard. A risk assessment also identifies what actions need to be taken to address any identified hazards.",False,False,False,False,N/A,False,False,2,3,False,"{""answer"": ""Incorrect: treats inspection as hazard assessment and uses risk-assessor sampling targets as its definition."", ""format"": ""No supplied-source citations are present."", ""grounding"": ""Two risk-assessment claims are supported; the inspection/hazard claim is not."", ""refusal"": ""Not a required-refusal question."", ""retrieval"": ""Frozen evidence-group coverage, recomputed from actual source offsets: raw={'inspection_definition': False, 'risk_assessment_definition': True}; supplied final context={'inspection_definition': False, 'risk_assessment_definition': True}. A source-name match alone is not credited.""}"
Q2,B,3,Q2-B-k3,True,3,3,"[""EPA_LEAD:3830114fcc78:0009535-0009993"", ""EPA_DISCLOSURE:38dd88cf9257:0003772-0004226"", ""EPA_LEAD:3830114fcc78:0009943-0010402""]",273,348,116,8.315184291976038,"According to the EPA pamphlet, a lead-based paint inspection typically locates areas in a home that have lead-based paint, while a risk assessment identifies any lead hazards present, such as from paint, dust, or soil, and what actions are needed to address these hazards.

Specifically:
- A lead-based paint inspection can locate areas with lead-based paint, such as doors, windows, floors, stairs, and walls.
- A risk assessment identifies any lead hazards, including from dust near painted surfaces and bare soil in the yard, and provides recommendations for addressing these hazards.",False,False,True,False,N/A,False,False,2,3,False,"{""answer"": ""Correct against the frozen answer key: distinguishes paint presence/location from current hazards and actions. The added surface examples do not change that distinction. Accuracy can be true while actual-context faithfulness fails."", ""format"": ""No valid supplied-source citations are given."", ""grounding"": ""Two risk-assessment claims are supported, but the standalone inspection-location claim lacks support in the actual retrieved context. There are also no source-number citations."", ""refusal"": ""Not a required-refusal question."", ""retrieval"": ""Frozen evidence-group coverage, recomputed from actual source offsets: raw={'inspection_definition': False, 'risk_assessment_definition': True}; supplied final context={'inspection_definition': False, 'risk_assessment_definition': True}. A source-name match alone is not credited.""}"
Q2,B,5,Q2-B-k5,False,5,5,"[""EPA_LEAD:3830114fcc78:0009535-0009993"", ""EPA_DISCLOSURE:38dd88cf9257:0003772-0004226"", ""EPA_LEAD:3830114fcc78:0009943-0010402"", ""EPA_DISCLOSURE:38dd88cf9257:0002969-0003462"", ""EPA_DISCLOSURE:38dd88cf9257:0002615-0003019""]",436,511,71,6.0681474579905625,"According to the EPA pamphlet, a lead-based paint inspection typically locates lead-based paint hazards in the home or building, including the location of the lead-based paint and the condition of the painted surfaces. On the other hand, a risk assessment identifies any lead hazards in the home or building and what actions need to be taken to address these hazards.",False,False,False,False,N/A,False,False,2,5,False,"{""answer"": ""Incorrect: conflates inspection with hazard assessment and imports surface-condition disclosure material as an inspection definition."", ""format"": ""No valid supplied-source citations are present."", ""grounding"": ""Only the two risk-assessment claims are supported by actual context."", ""refusal"": ""Not a required-refusal question."", ""retrieval"": ""Frozen evidence-group coverage, recomputed from actual source offsets: raw={'inspection_definition': False, 'risk_assessment_definition': True}; supplied final context={'inspection_definition': False, 'risk_assessment_definition': True}. A source-name match alone is not credited.""}"
Q2,C,1,Q2-C-k1,False,1,1,"[""EPA_LEAD:3830114fcc78:0009535-0009993""]",156,342,60,3.4326069590169936,"According to the EPA pamphlet, a lead-based paint inspection locates deteriorated paint on doors, windows, floors, stairs, and walls. A risk assessment identifies if the home currently has any lead hazards from paint, dust, or soil, and what actions to take to address any hazards.",False,False,False,False,N/A,False,False,2,3,False,"{""answer"": ""Incorrect: transfers a risk-assessment sampling task to inspection instead of answering paint presence/location."", ""format"": ""Fails the C factual-answer citation format: no source-number citation appears."", ""grounding"": ""Only the two risk-assessment claims are supported, and no citation numbers are emitted."", ""refusal"": ""Not a required-refusal question."", ""retrieval"": ""Frozen evidence-group coverage, recomputed from actual source offsets: raw={'inspection_definition': False, 'risk_assessment_definition': True}; supplied final context={'inspection_definition': False, 'risk_assessment_definition': True}. A source-name match alone is not credited.""}"
Q2,C,3,Q2-C-k3,True,3,3,"[""EPA_LEAD:3830114fcc78:0009535-0009993"", ""EPA_DISCLOSURE:38dd88cf9257:0003772-0004226"", ""EPA_LEAD:3830114fcc78:0009943-0010402""]",465,651,62,6.40481625002576,"A lead-based paint inspection by a certified inspector tells you if your home has any lead-based paint and where both are located [3]. A lead-based paint risk assessment identifies if your home currently has any lead hazards from paint, dust or soil, and what actions to take to address any hazards [1].",False,False,False,False,N/A,False,False,3,5,True,"{""answer"": ""Incorrect under the full-qualification rubric: the inspection sentence imports ambiguous \""where both are located\"" wording from a combination procedure and does not preserve the standalone inspection/risk-assessment distinction. Its risk-assessment clause is correct."", ""format"": ""Numbers [1] and [3] resolve to supplied sources; factual support and attribution are assessed separately."", ""grounding"": ""Only the certification and two risk-assessment claims are supported somewhere in actual context. The standalone inspection claims are not, and certification relies on uncited [2]."", ""refusal"": ""Not a required-refusal question."", ""retrieval"": ""Frozen evidence-group coverage, recomputed from actual source offsets: raw={'inspection_definition': False, 'risk_assessment_definition': True}; supplied final context={'inspection_definition': False, 'risk_assessment_definition': True}. A source-name match alone is not credited.""}"
Q2,C,5,Q2-C-k5,False,5,5,"[""EPA_LEAD:3830114fcc78:0009535-0009993"", ""EPA_DISCLOSURE:38dd88cf9257:0003772-0004226"", ""EPA_LEAD:3830114fcc78:0009943-0010402"", ""EPA_DISCLOSURE:38dd88cf9257:0002969-0003462"", ""EPA_DISCLOSURE:38dd88cf9257:0002615-0003019""]",760,946,50,7.572549249976873,"A lead-based paint inspection tells you if your home has any lead-based paint, and a risk assessment identifies if your home currently has any lead hazards from paint, dust or soil, and what actions to take to address any hazards. [3]",False,False,False,False,N/A,False,False,2,3,True,"{""answer"": ""Incomplete: omits the requested location of lead-based paint from the inspection definition. Its risk-assessment clause is correct."", ""format"": ""Citation [3] resolves to supplied context; wrong/incomplete support is assessed separately under grounding."", ""grounding"": ""Only the two risk-assessment claims are supported somewhere in actual context; both rely on uncited [1]. The only cited [3] does not support the full response."", ""refusal"": ""Not a required-refusal question."", ""retrieval"": ""Frozen evidence-group coverage, recomputed from actual source offsets: raw={'inspection_definition': False, 'risk_assessment_definition': True}; supplied final context={'inspection_definition': False, 'risk_assessment_definition': True}. A source-name match alone is not credited.""}"
