code_revision,config_sha256,data_sql,dirty,elapsed_ms,error,http_status,iteration,page_size,payload_sha256,phase,returned_count,run_id,timestamp,total_sql,valid,version
9860a20342072168ed68a8d41eb16d9bfecf7729,16d8b0925a125c92643b0b959abe609658c82710eacc0e8c84653a03f5f54181,11,False,10.123084,,200,1,10,39d4f3e71ed3ad3e80ea83b484c45f7cf8f40fe3743efa9661002e1ed30d7ef9,measured,10,20260928T003859.945761Z-cd277c20,2026-09-28T00:39:00.654552Z,13,True,naive
9860a20342072168ed68a8d41eb16d9bfecf7729,16d8b0925a125c92643b0b959abe609658c82710eacc0e8c84653a03f5f54181,1,False,5.782333,,200,1,10,39d4f3e71ed3ad3e80ea83b484c45f7cf8f40fe3743efa9661002e1ed30d7ef9,measured,10,20260928T003859.945761Z-cd277c20,2026-09-28T00:39:00.664888Z,3,True,fixed
9860a20342072168ed68a8d41eb16d9bfecf7729,16d8b0925a125c92643b0b959abe609658c82710eacc0e8c84653a03f5f54181,11,False,8.496417,,200,2,10,39d4f3e71ed3ad3e80ea83b484c45f7cf8f40fe3743efa9661002e1ed30d7ef9,measured,10,20260928T003859.945761Z-cd277c20,2026-09-28T00:39:00.670794Z,13,True,naive
9860a20342072168ed68a8d41eb16d9bfecf7729,16d8b0925a125c92643b0b959abe609658c82710eacc0e8c84653a03f5f54181,1,False,5.294917,,200,2,10,39d4f3e71ed3ad3e80ea83b484c45f7cf8f40fe3743efa9661002e1ed30d7ef9,measured,10,20260928T003859.945761Z-cd277c20,2026-09-28T00:39:00.679426Z,3,True,fixed
9860a20342072168ed68a8d41eb16d9bfecf7729,16d8b0925a125c92643b0b959abe609658c82710eacc0e8c84653a03f5f54181,11,False,7.314583,,200,3,10,39d4f3e71ed3ad3e80ea83b484c45f7cf8f40fe3743efa9661002e1ed30d7ef9,measured,10,20260928T003859.945761Z-cd277c20,2026-09-28T00:39:00.684846Z,13,True,naive
9860a20342072168ed68a8d41eb16d9bfecf7729,16d8b0925a125c92643b0b959abe609658c82710eacc0e8c84653a03f5f54181,1,False,6.4025,,200,3,10,39d4f3e71ed3ad3e80ea83b484c45f7cf8f40fe3743efa9661002e1ed30d7ef9,measured,10,20260928T003859.945761Z-cd277c20,2026-09-28T00:39:00.692296Z,3,True,fixed
9860a20342072168ed68a8d41eb16d9bfecf7729,16d8b0925a125c92643b0b959abe609658c82710eacc0e8c84653a03f5f54181,11,False,7.505,,200,4,10,39d4f3e71ed3ad3e80ea83b484c45f7cf8f40fe3743efa9661002e1ed30d7ef9,measured,10,20260928T003859.945761Z-cd277c20,2026-09-28T00:39:00.698817Z,13,True,naive
9860a20342072168ed68a8d41eb16d9bfecf7729,16d8b0925a125c92643b0b959abe609658c82710eacc0e8c84653a03f5f54181,1,False,4.631167,,200,4,10,39d4f3e71ed3ad3e80ea83b484c45f7cf8f40fe3743efa9661002e1ed30d7ef9,measured,10,20260928T003859.945761Z-cd277c20,2026-09-28T00:39:00.706424Z,3,True,fixed
9860a20342072168ed68a8d41eb16d9bfecf7729,16d8b0925a125c92643b0b959abe609658c82710eacc0e8c84653a03f5f54181,11,False,7.685084,,200,5,10,39d4f3e71ed3ad3e80ea83b484c45f7cf8f40fe3743efa9661002e1ed30d7ef9,measured,10,20260928T003859.945761Z-cd277c20,2026-09-28T00:39:00.711171Z,13,True,naive
9860a20342072168ed68a8d41eb16d9bfecf7729,16d8b0925a125c92643b0b959abe609658c82710eacc0e8c84653a03f5f54181,1,False,5.226208,,200,5,10,39d4f3e71ed3ad3e80ea83b484c45f7cf8f40fe3743efa9661002e1ed30d7ef9,measured,10,20260928T003859.945761Z-cd277c20,2026-09-28T00:39:00.718971Z,3,True,fixed
9860a20342072168ed68a8d41eb16d9bfecf7729,16d8b0925a125c92643b0b959abe609658c82710eacc0e8c84653a03f5f54181,11,False,21.7275,,200,6,10,39d4f3e71ed3ad3e80ea83b484c45f7cf8f40fe3743efa9661002e1ed30d7ef9,measured,10,20260928T003859.945761Z-cd277c20,2026-09-28T00:39:00.724344Z,13,True,naive
9860a20342072168ed68a8d41eb16d9bfecf7729,16d8b0925a125c92643b0b959abe609658c82710eacc0e8c84653a03f5f54181,1,False,6.220625,,200,6,10,39d4f3e71ed3ad3e80ea83b484c45f7cf8f40fe3743efa9661002e1ed30d7ef9,measured,10,20260928T003859.945761Z-cd277c20,2026-09-28T00:39:00.746206Z,3,True,fixed
9860a20342072168ed68a8d41eb16d9bfecf7729,16d8b0925a125c92643b0b959abe609658c82710eacc0e8c84653a03f5f54181,11,False,8.792791,,200,7,10,39d4f3e71ed3ad3e80ea83b484c45f7cf8f40fe3743efa9661002e1ed30d7ef9,measured,10,20260928T003859.945761Z-cd277c20,2026-09-28T00:39:00.752554Z,13,True,naive
9860a20342072168ed68a8d41eb16d9bfecf7729,16d8b0925a125c92643b0b959abe609658c82710eacc0e8c84653a03f5f54181,1,False,5.853834,,200,7,10,39d4f3e71ed3ad3e80ea83b484c45f7cf8f40fe3743efa9661002e1ed30d7ef9,measured,10,20260928T003859.945761Z-cd277c20,2026-09-28T00:39:00.761492Z,3,True,fixed
9860a20342072168ed68a8d41eb16d9bfecf7729,16d8b0925a125c92643b0b959abe609658c82710eacc0e8c84653a03f5f54181,11,False,7.989542,,200,8,10,39d4f3e71ed3ad3e80ea83b484c45f7cf8f40fe3743efa9661002e1ed30d7ef9,measured,10,20260928T003859.945761Z-cd277c20,2026-09-28T00:39:00.767496Z,13,True,naive
9860a20342072168ed68a8d41eb16d9bfecf7729,16d8b0925a125c92643b0b959abe609658c82710eacc0e8c84653a03f5f54181,1,False,4.965167,,200,8,10,39d4f3e71ed3ad3e80ea83b484c45f7cf8f40fe3743efa9661002e1ed30d7ef9,measured,10,20260928T003859.945761Z-cd277c20,2026-09-28T00:39:00.775596Z,3,True,fixed
9860a20342072168ed68a8d41eb16d9bfecf7729,16d8b0925a125c92643b0b959abe609658c82710eacc0e8c84653a03f5f54181,11,False,7.713709,,200,9,10,39d4f3e71ed3ad3e80ea83b484c45f7cf8f40fe3743efa9661002e1ed30d7ef9,measured,10,20260928T003859.945761Z-cd277c20,2026-09-28T00:39:00.780677Z,13,True,naive
9860a20342072168ed68a8d41eb16d9bfecf7729,16d8b0925a125c92643b0b959abe609658c82710eacc0e8c84653a03f5f54181,1,False,4.493834,,200,9,10,39d4f3e71ed3ad3e80ea83b484c45f7cf8f40fe3743efa9661002e1ed30d7ef9,measured,10,20260928T003859.945761Z-cd277c20,2026-09-28T00:39:00.788517Z,3,True,fixed
9860a20342072168ed68a8d41eb16d9bfecf7729,16d8b0925a125c92643b0b959abe609658c82710eacc0e8c84653a03f5f54181,11,False,8.770084,,200,10,10,39d4f3e71ed3ad3e80ea83b484c45f7cf8f40fe3743efa9661002e1ed30d7ef9,measured,10,20260928T003859.945761Z-cd277c20,2026-09-28T00:39:00.793121Z,13,True,naive
9860a20342072168ed68a8d41eb16d9bfecf7729,16d8b0925a125c92643b0b959abe609658c82710eacc0e8c84653a03f5f54181,1,False,5.328959,,200,10,10,39d4f3e71ed3ad3e80ea83b484c45f7cf8f40fe3743efa9661002e1ed30d7ef9,measured,10,20260928T003859.945761Z-cd277c20,2026-09-28T00:39:00.802012Z,3,True,fixed
9860a20342072168ed68a8d41eb16d9bfecf7729,16d8b0925a125c92643b0b959abe609658c82710eacc0e8c84653a03f5f54181,11,False,7.797708,,200,11,10,39d4f3e71ed3ad3e80ea83b484c45f7cf8f40fe3743efa9661002e1ed30d7ef9,measured,10,20260928T003859.945761Z-cd277c20,2026-09-28T00:39:00.807441Z,13,True,naive
9860a20342072168ed68a8d41eb16d9bfecf7729,16d8b0925a125c92643b0b959abe609658c82710eacc0e8c84653a03f5f54181,1,False,5.330209,,200,11,10,39d4f3e71ed3ad3e80ea83b484c45f7cf8f40fe3743efa9661002e1ed30d7ef9,measured,10,20260928T003859.945761Z-cd277c20,2026-09-28T00:39:00.815365Z,3,True,fixed
9860a20342072168ed68a8d41eb16d9bfecf7729,16d8b0925a125c92643b0b959abe609658c82710eacc0e8c84653a03f5f54181,11,False,7.519625,,200,12,10,39d4f3e71ed3ad3e80ea83b484c45f7cf8f40fe3743efa9661002e1ed30d7ef9,measured,10,20260928T003859.945761Z-cd277c20,2026-09-28T00:39:00.820807Z,13,True,naive
9860a20342072168ed68a8d41eb16d9bfecf7729,16d8b0925a125c92643b0b959abe609658c82710eacc0e8c84653a03f5f54181,1,False,5.412125,,200,12,10,39d4f3e71ed3ad3e80ea83b484c45f7cf8f40fe3743efa9661002e1ed30d7ef9,measured,10,20260928T003859.945761Z-cd277c20,2026-09-28T00:39:00.828468Z,3,True,fixed
9860a20342072168ed68a8d41eb16d9bfecf7729,16d8b0925a125c92643b0b959abe609658c82710eacc0e8c84653a03f5f54181,11,False,8.925416,,200,13,10,39d4f3e71ed3ad3e80ea83b484c45f7cf8f40fe3743efa9661002e1ed30d7ef9,measured,10,20260928T003859.945761Z-cd277c20,2026-09-28T00:39:00.833988Z,13,True,naive
9860a20342072168ed68a8d41eb16d9bfecf7729,16d8b0925a125c92643b0b959abe609658c82710eacc0e8c84653a03f5f54181,1,False,7.117666,,200,13,10,39d4f3e71ed3ad3e80ea83b484c45f7cf8f40fe3743efa9661002e1ed30d7ef9,measured,10,20260928T003859.945761Z-cd277c20,2026-09-28T00:39:00.843068Z,3,True,fixed
9860a20342072168ed68a8d41eb16d9bfecf7729,16d8b0925a125c92643b0b959abe609658c82710eacc0e8c84653a03f5f54181,11,False,10.402209,,200,14,10,39d4f3e71ed3ad3e80ea83b484c45f7cf8f40fe3743efa9661002e1ed30d7ef9,measured,10,20260928T003859.945761Z-cd277c20,2026-09-28T00:39:00.850302Z,13,True,naive
9860a20342072168ed68a8d41eb16d9bfecf7729,16d8b0925a125c92643b0b959abe609658c82710eacc0e8c84653a03f5f54181,1,False,7.804584,,200,14,10,39d4f3e71ed3ad3e80ea83b484c45f7cf8f40fe3743efa9661002e1ed30d7ef9,measured,10,20260928T003859.945761Z-cd277c20,2026-09-28T00:39:00.860886Z,3,True,fixed
9860a20342072168ed68a8d41eb16d9bfecf7729,16d8b0925a125c92643b0b959abe609658c82710eacc0e8c84653a03f5f54181,11,False,14.209209,,200,15,10,39d4f3e71ed3ad3e80ea83b484c45f7cf8f40fe3743efa9661002e1ed30d7ef9,measured,10,20260928T003859.945761Z-cd277c20,2026-09-28T00:39:00.868824Z,13,True,naive
9860a20342072168ed68a8d41eb16d9bfecf7729,16d8b0925a125c92643b0b959abe609658c82710eacc0e8c84653a03f5f54181,1,False,6.195959,,200,15,10,39d4f3e71ed3ad3e80ea83b484c45f7cf8f40fe3743efa9661002e1ed30d7ef9,measured,10,20260928T003859.945761Z-cd277c20,2026-09-28T00:39:00.883208Z,3,True,fixed
9860a20342072168ed68a8d41eb16d9bfecf7729,16d8b0925a125c92643b0b959abe609658c82710eacc0e8c84653a03f5f54181,11,False,13.041292,,200,16,10,39d4f3e71ed3ad3e80ea83b484c45f7cf8f40fe3743efa9661002e1ed30d7ef9,measured,10,20260928T003859.945761Z-cd277c20,2026-09-28T00:39:00.889536Z,13,True,naive
9860a20342072168ed68a8d41eb16d9bfecf7729,16d8b0925a125c92643b0b959abe609658c82710eacc0e8c84653a03f5f54181,1,False,9.997792,,200,16,10,39d4f3e71ed3ad3e80ea83b484c45f7cf8f40fe3743efa9661002e1ed30d7ef9,measured,10,20260928T003859.945761Z-cd277c20,2026-09-28T00:39:00.902913Z,3,True,fixed
9860a20342072168ed68a8d41eb16d9bfecf7729,16d8b0925a125c92643b0b959abe609658c82710eacc0e8c84653a03f5f54181,11,False,19.121792,,200,17,10,39d4f3e71ed3ad3e80ea83b484c45f7cf8f40fe3743efa9661002e1ed30d7ef9,measured,10,20260928T003859.945761Z-cd277c20,2026-09-28T00:39:00.913047Z,13,True,naive
9860a20342072168ed68a8d41eb16d9bfecf7729,16d8b0925a125c92643b0b959abe609658c82710eacc0e8c84653a03f5f54181,1,False,9.777458,,200,17,10,39d4f3e71ed3ad3e80ea83b484c45f7cf8f40fe3743efa9661002e1ed30d7ef9,measured,10,20260928T003859.945761Z-cd277c20,2026-09-28T00:39:00.932386Z,3,True,fixed
9860a20342072168ed68a8d41eb16d9bfecf7729,16d8b0925a125c92643b0b959abe609658c82710eacc0e8c84653a03f5f54181,11,False,11.405625,,200,18,10,39d4f3e71ed3ad3e80ea83b484c45f7cf8f40fe3743efa9661002e1ed30d7ef9,measured,10,20260928T003859.945761Z-cd277c20,2026-09-28T00:39:00.942337Z,13,True,naive
9860a20342072168ed68a8d41eb16d9bfecf7729,16d8b0925a125c92643b0b959abe609658c82710eacc0e8c84653a03f5f54181,1,False,9.958709,,200,18,10,39d4f3e71ed3ad3e80ea83b484c45f7cf8f40fe3743efa9661002e1ed30d7ef9,measured,10,20260928T003859.945761Z-cd277c20,2026-09-28T00:39:00.953899Z,3,True,fixed
9860a20342072168ed68a8d41eb16d9bfecf7729,16d8b0925a125c92643b0b959abe609658c82710eacc0e8c84653a03f5f54181,11,False,13.622209,,200,19,10,39d4f3e71ed3ad3e80ea83b484c45f7cf8f40fe3743efa9661002e1ed30d7ef9,measured,10,20260928T003859.945761Z-cd277c20,2026-09-28T00:39:00.963981Z,13,True,naive
9860a20342072168ed68a8d41eb16d9bfecf7729,16d8b0925a125c92643b0b959abe609658c82710eacc0e8c84653a03f5f54181,1,False,11.054584,,200,19,10,39d4f3e71ed3ad3e80ea83b484c45f7cf8f40fe3743efa9661002e1ed30d7ef9,measured,10,20260928T003859.945761Z-cd277c20,2026-09-28T00:39:00.977729Z,3,True,fixed
9860a20342072168ed68a8d41eb16d9bfecf7729,16d8b0925a125c92643b0b959abe609658c82710eacc0e8c84653a03f5f54181,11,False,20.466042,,200,20,10,39d4f3e71ed3ad3e80ea83b484c45f7cf8f40fe3743efa9661002e1ed30d7ef9,measured,10,20260928T003859.945761Z-cd277c20,2026-09-28T00:39:00.988998Z,13,True,naive
9860a20342072168ed68a8d41eb16d9bfecf7729,16d8b0925a125c92643b0b959abe609658c82710eacc0e8c84653a03f5f54181,1,False,8.643542,,200,20,10,39d4f3e71ed3ad3e80ea83b484c45f7cf8f40fe3743efa9661002e1ed30d7ef9,measured,10,20260928T003859.945761Z-cd277c20,2026-09-28T00:39:01.009612Z,3,True,fixed
9860a20342072168ed68a8d41eb16d9bfecf7729,16d8b0925a125c92643b0b959abe609658c82710eacc0e8c84653a03f5f54181,11,False,16.739958,,200,21,10,39d4f3e71ed3ad3e80ea83b484c45f7cf8f40fe3743efa9661002e1ed30d7ef9,measured,10,20260928T003859.945761Z-cd277c20,2026-09-28T00:39:01.018467Z,13,True,naive
9860a20342072168ed68a8d41eb16d9bfecf7729,16d8b0925a125c92643b0b959abe609658c82710eacc0e8c84653a03f5f54181,1,False,12.753,,200,21,10,39d4f3e71ed3ad3e80ea83b484c45f7cf8f40fe3743efa9661002e1ed30d7ef9,measured,10,20260928T003859.945761Z-cd277c20,2026-09-28T00:39:01.035357Z,3,True,fixed
9860a20342072168ed68a8d41eb16d9bfecf7729,16d8b0925a125c92643b0b959abe609658c82710eacc0e8c84653a03f5f54181,11,False,23.792291,,200,22,10,39d4f3e71ed3ad3e80ea83b484c45f7cf8f40fe3743efa9661002e1ed30d7ef9,measured,10,20260928T003859.945761Z-cd277c20,2026-09-28T00:39:01.048279Z,13,True,naive
9860a20342072168ed68a8d41eb16d9bfecf7729,16d8b0925a125c92643b0b959abe609658c82710eacc0e8c84653a03f5f54181,1,False,115.454875,,200,22,10,39d4f3e71ed3ad3e80ea83b484c45f7cf8f40fe3743efa9661002e1ed30d7ef9,measured,10,20260928T003859.945761Z-cd277c20,2026-09-28T00:39:01.072218Z,3,True,fixed
9860a20342072168ed68a8d41eb16d9bfecf7729,16d8b0925a125c92643b0b959abe609658c82710eacc0e8c84653a03f5f54181,11,False,20.444125,,200,23,10,39d4f3e71ed3ad3e80ea83b484c45f7cf8f40fe3743efa9661002e1ed30d7ef9,measured,10,20260928T003859.945761Z-cd277c20,2026-09-28T00:39:01.187958Z,13,True,naive
9860a20342072168ed68a8d41eb16d9bfecf7729,16d8b0925a125c92643b0b959abe609658c82710eacc0e8c84653a03f5f54181,1,False,9.522417,,200,23,10,39d4f3e71ed3ad3e80ea83b484c45f7cf8f40fe3743efa9661002e1ed30d7ef9,measured,10,20260928T003859.945761Z-cd277c20,2026-09-28T00:39:01.208526Z,3,True,fixed
9860a20342072168ed68a8d41eb16d9bfecf7729,16d8b0925a125c92643b0b959abe609658c82710eacc0e8c84653a03f5f54181,11,False,12.881167,,200,24,10,39d4f3e71ed3ad3e80ea83b484c45f7cf8f40fe3743efa9661002e1ed30d7ef9,measured,10,20260928T003859.945761Z-cd277c20,2026-09-28T00:39:01.218223Z,13,True,naive
9860a20342072168ed68a8d41eb16d9bfecf7729,16d8b0925a125c92643b0b959abe609658c82710eacc0e8c84653a03f5f54181,1,False,10.518917,,200,24,10,39d4f3e71ed3ad3e80ea83b484c45f7cf8f40fe3743efa9661002e1ed30d7ef9,measured,10,20260928T003859.945761Z-cd277c20,2026-09-28T00:39:01.231251Z,3,True,fixed
9860a20342072168ed68a8d41eb16d9bfecf7729,16d8b0925a125c92643b0b959abe609658c82710eacc0e8c84653a03f5f54181,11,False,17.742833,,200,25,10,39d4f3e71ed3ad3e80ea83b484c45f7cf8f40fe3743efa9661002e1ed30d7ef9,measured,10,20260928T003859.945761Z-cd277c20,2026-09-28T00:39:01.241894Z,13,True,naive
9860a20342072168ed68a8d41eb16d9bfecf7729,16d8b0925a125c92643b0b959abe609658c82710eacc0e8c84653a03f5f54181,1,False,11.853917,,200,25,10,39d4f3e71ed3ad3e80ea83b484c45f7cf8f40fe3743efa9661002e1ed30d7ef9,measured,10,20260928T003859.945761Z-cd277c20,2026-09-28T00:39:01.259790Z,3,True,fixed
9860a20342072168ed68a8d41eb16d9bfecf7729,16d8b0925a125c92643b0b959abe609658c82710eacc0e8c84653a03f5f54181,11,False,18.97825,,200,26,10,39d4f3e71ed3ad3e80ea83b484c45f7cf8f40fe3743efa9661002e1ed30d7ef9,measured,10,20260928T003859.945761Z-cd277c20,2026-09-28T00:39:01.271773Z,13,True,naive
9860a20342072168ed68a8d41eb16d9bfecf7729,16d8b0925a125c92643b0b959abe609658c82710eacc0e8c84653a03f5f54181,1,False,10.716208,,200,26,10,39d4f3e71ed3ad3e80ea83b484c45f7cf8f40fe3743efa9661002e1ed30d7ef9,measured,10,20260928T003859.945761Z-cd277c20,2026-09-28T00:39:01.290891Z,3,True,fixed
9860a20342072168ed68a8d41eb16d9bfecf7729,16d8b0925a125c92643b0b959abe609658c82710eacc0e8c84653a03f5f54181,11,False,19.320042,,200,27,10,39d4f3e71ed3ad3e80ea83b484c45f7cf8f40fe3743efa9661002e1ed30d7ef9,measured,10,20260928T003859.945761Z-cd277c20,2026-09-28T00:39:01.301846Z,13,True,naive
9860a20342072168ed68a8d41eb16d9bfecf7729,16d8b0925a125c92643b0b959abe609658c82710eacc0e8c84653a03f5f54181,1,False,8.367041,,200,27,10,39d4f3e71ed3ad3e80ea83b484c45f7cf8f40fe3743efa9661002e1ed30d7ef9,measured,10,20260928T003859.945761Z-cd277c20,2026-09-28T00:39:01.321303Z,3,True,fixed
9860a20342072168ed68a8d41eb16d9bfecf7729,16d8b0925a125c92643b0b959abe609658c82710eacc0e8c84653a03f5f54181,11,False,12.014375,,200,28,10,39d4f3e71ed3ad3e80ea83b484c45f7cf8f40fe3743efa9661002e1ed30d7ef9,measured,10,20260928T003859.945761Z-cd277c20,2026-09-28T00:39:01.329786Z,13,True,naive
9860a20342072168ed68a8d41eb16d9bfecf7729,16d8b0925a125c92643b0b959abe609658c82710eacc0e8c84653a03f5f54181,1,False,12.358125,,200,28,10,39d4f3e71ed3ad3e80ea83b484c45f7cf8f40fe3743efa9661002e1ed30d7ef9,measured,10,20260928T003859.945761Z-cd277c20,2026-09-28T00:39:01.342026Z,3,True,fixed
9860a20342072168ed68a8d41eb16d9bfecf7729,16d8b0925a125c92643b0b959abe609658c82710eacc0e8c84653a03f5f54181,11,False,11.623125,,200,29,10,39d4f3e71ed3ad3e80ea83b484c45f7cf8f40fe3743efa9661002e1ed30d7ef9,measured,10,20260928T003859.945761Z-cd277c20,2026-09-28T00:39:01.354603Z,13,True,naive
9860a20342072168ed68a8d41eb16d9bfecf7729,16d8b0925a125c92643b0b959abe609658c82710eacc0e8c84653a03f5f54181,1,False,8.6065,,200,29,10,39d4f3e71ed3ad3e80ea83b484c45f7cf8f40fe3743efa9661002e1ed30d7ef9,measured,10,20260928T003859.945761Z-cd277c20,2026-09-28T00:39:01.366453Z,3,True,fixed
9860a20342072168ed68a8d41eb16d9bfecf7729,16d8b0925a125c92643b0b959abe609658c82710eacc0e8c84653a03f5f54181,11,False,10.447042,,200,30,10,39d4f3e71ed3ad3e80ea83b484c45f7cf8f40fe3743efa9661002e1ed30d7ef9,measured,10,20260928T003859.945761Z-cd277c20,2026-09-28T00:39:01.375192Z,13,True,naive
9860a20342072168ed68a8d41eb16d9bfecf7729,16d8b0925a125c92643b0b959abe609658c82710eacc0e8c84653a03f5f54181,1,False,7.308709,,200,30,10,39d4f3e71ed3ad3e80ea83b484c45f7cf8f40fe3743efa9661002e1ed30d7ef9,measured,10,20260928T003859.945761Z-cd277c20,2026-09-28T00:39:01.385762Z,3,True,fixed
9860a20342072168ed68a8d41eb16d9bfecf7729,16d8b0925a125c92643b0b959abe609658c82710eacc0e8c84653a03f5f54181,51,False,25.546625,,200,1,50,b60752dc790f8bb099b346642b8952be21b33e67343d58ae74b2342f180931d2,measured,50,20260928T003859.945761Z-cd277c20,2026-09-28T00:39:01.393226Z,53,True,naive
9860a20342072168ed68a8d41eb16d9bfecf7729,16d8b0925a125c92643b0b959abe609658c82710eacc0e8c84653a03f5f54181,1,False,9.899708,,200,1,50,b60752dc790f8bb099b346642b8952be21b33e67343d58ae74b2342f180931d2,measured,50,20260928T003859.945761Z-cd277c20,2026-09-28T00:39:01.419048Z,3,True,fixed
9860a20342072168ed68a8d41eb16d9bfecf7729,16d8b0925a125c92643b0b959abe609658c82710eacc0e8c84653a03f5f54181,51,False,26.220417,,200,2,50,b60752dc790f8bb099b346642b8952be21b33e67343d58ae74b2342f180931d2,measured,50,20260928T003859.945761Z-cd277c20,2026-09-28T00:39:01.429221Z,53,True,naive
9860a20342072168ed68a8d41eb16d9bfecf7729,16d8b0925a125c92643b0b959abe609658c82710eacc0e8c84653a03f5f54181,1,False,7.3155,,200,2,50,b60752dc790f8bb099b346642b8952be21b33e67343d58ae74b2342f180931d2,measured,50,20260928T003859.945761Z-cd277c20,2026-09-28T00:39:01.455771Z,3,True,fixed
9860a20342072168ed68a8d41eb16d9bfecf7729,16d8b0925a125c92643b0b959abe609658c82710eacc0e8c84653a03f5f54181,51,False,24.820833,,200,3,50,b60752dc790f8bb099b346642b8952be21b33e67343d58ae74b2342f180931d2,measured,50,20260928T003859.945761Z-cd277c20,2026-09-28T00:39:01.463305Z,53,True,naive
9860a20342072168ed68a8d41eb16d9bfecf7729,16d8b0925a125c92643b0b959abe609658c82710eacc0e8c84653a03f5f54181,1,False,7.128291,,200,3,50,b60752dc790f8bb099b346642b8952be21b33e67343d58ae74b2342f180931d2,measured,50,20260928T003859.945761Z-cd277c20,2026-09-28T00:39:01.488389Z,3,True,fixed
9860a20342072168ed68a8d41eb16d9bfecf7729,16d8b0925a125c92643b0b959abe609658c82710eacc0e8c84653a03f5f54181,51,False,21.3755,,200,4,50,b60752dc790f8bb099b346642b8952be21b33e67343d58ae74b2342f180931d2,measured,50,20260928T003859.945761Z-cd277c20,2026-09-28T00:39:01.495779Z,53,True,naive
9860a20342072168ed68a8d41eb16d9bfecf7729,16d8b0925a125c92643b0b959abe609658c82710eacc0e8c84653a03f5f54181,1,False,7.1695,,200,4,50,b60752dc790f8bb099b346642b8952be21b33e67343d58ae74b2342f180931d2,measured,50,20260928T003859.945761Z-cd277c20,2026-09-28T00:39:01.517421Z,3,True,fixed
9860a20342072168ed68a8d41eb16d9bfecf7729,16d8b0925a125c92643b0b959abe609658c82710eacc0e8c84653a03f5f54181,51,False,28.368709,,200,5,50,b60752dc790f8bb099b346642b8952be21b33e67343d58ae74b2342f180931d2,measured,50,20260928T003859.945761Z-cd277c20,2026-09-28T00:39:01.524846Z,53,True,naive
9860a20342072168ed68a8d41eb16d9bfecf7729,16d8b0925a125c92643b0b959abe609658c82710eacc0e8c84653a03f5f54181,1,False,9.239625,,200,5,50,b60752dc790f8bb099b346642b8952be21b33e67343d58ae74b2342f180931d2,measured,50,20260928T003859.945761Z-cd277c20,2026-09-28T00:39:01.553666Z,3,True,fixed
9860a20342072168ed68a8d41eb16d9bfecf7729,16d8b0925a125c92643b0b959abe609658c82710eacc0e8c84653a03f5f54181,51,False,27.718583,,200,6,50,b60752dc790f8bb099b346642b8952be21b33e67343d58ae74b2342f180931d2,measured,50,20260928T003859.945761Z-cd277c20,2026-09-28T00:39:01.563184Z,53,True,naive
9860a20342072168ed68a8d41eb16d9bfecf7729,16d8b0925a125c92643b0b959abe609658c82710eacc0e8c84653a03f5f54181,1,False,9.376417,,200,6,50,b60752dc790f8bb099b346642b8952be21b33e67343d58ae74b2342f180931d2,measured,50,20260928T003859.945761Z-cd277c20,2026-09-28T00:39:01.591166Z,3,True,fixed
9860a20342072168ed68a8d41eb16d9bfecf7729,16d8b0925a125c92643b0b959abe609658c82710eacc0e8c84653a03f5f54181,51,False,29.074292,,200,7,50,b60752dc790f8bb099b346642b8952be21b33e67343d58ae74b2342f180931d2,measured,50,20260928T003859.945761Z-cd277c20,2026-09-28T00:39:01.600802Z,53,True,naive
9860a20342072168ed68a8d41eb16d9bfecf7729,16d8b0925a125c92643b0b959abe609658c82710eacc0e8c84653a03f5f54181,1,False,9.181041,,200,7,50,b60752dc790f8bb099b346642b8952be21b33e67343d58ae74b2342f180931d2,measured,50,20260928T003859.945761Z-cd277c20,2026-09-28T00:39:01.630119Z,3,True,fixed
9860a20342072168ed68a8d41eb16d9bfecf7729,16d8b0925a125c92643b0b959abe609658c82710eacc0e8c84653a03f5f54181,51,False,27.299583,,200,8,50,b60752dc790f8bb099b346642b8952be21b33e67343d58ae74b2342f180931d2,measured,50,20260928T003859.945761Z-cd277c20,2026-09-28T00:39:01.639553Z,53,True,naive
9860a20342072168ed68a8d41eb16d9bfecf7729,16d8b0925a125c92643b0b959abe609658c82710eacc0e8c84653a03f5f54181,1,False,8.619958,,200,8,50,b60752dc790f8bb099b346642b8952be21b33e67343d58ae74b2342f180931d2,measured,50,20260928T003859.945761Z-cd277c20,2026-09-28T00:39:01.667259Z,3,True,fixed
9860a20342072168ed68a8d41eb16d9bfecf7729,16d8b0925a125c92643b0b959abe609658c82710eacc0e8c84653a03f5f54181,51,False,20.858417,,200,9,50,b60752dc790f8bb099b346642b8952be21b33e67343d58ae74b2342f180931d2,measured,50,20260928T003859.945761Z-cd277c20,2026-09-28T00:39:01.676170Z,53,True,naive
9860a20342072168ed68a8d41eb16d9bfecf7729,16d8b0925a125c92643b0b959abe609658c82710eacc0e8c84653a03f5f54181,1,False,7.597375,,200,9,50,b60752dc790f8bb099b346642b8952be21b33e67343d58ae74b2342f180931d2,measured,50,20260928T003859.945761Z-cd277c20,2026-09-28T00:39:01.697529Z,3,True,fixed
9860a20342072168ed68a8d41eb16d9bfecf7729,16d8b0925a125c92643b0b959abe609658c82710eacc0e8c84653a03f5f54181,51,False,21.465917,,200,10,50,b60752dc790f8bb099b346642b8952be21b33e67343d58ae74b2342f180931d2,measured,50,20260928T003859.945761Z-cd277c20,2026-09-28T00:39:01.705395Z,53,True,naive
9860a20342072168ed68a8d41eb16d9bfecf7729,16d8b0925a125c92643b0b959abe609658c82710eacc0e8c84653a03f5f54181,1,False,7.260916,,200,10,50,b60752dc790f8bb099b346642b8952be21b33e67343d58ae74b2342f180931d2,measured,50,20260928T003859.945761Z-cd277c20,2026-09-28T00:39:01.727105Z,3,True,fixed
9860a20342072168ed68a8d41eb16d9bfecf7729,16d8b0925a125c92643b0b959abe609658c82710eacc0e8c84653a03f5f54181,51,False,28.173667,,200,11,50,b60752dc790f8bb099b346642b8952be21b33e67343d58ae74b2342f180931d2,measured,50,20260928T003859.945761Z-cd277c20,2026-09-28T00:39:01.734618Z,53,True,naive
9860a20342072168ed68a8d41eb16d9bfecf7729,16d8b0925a125c92643b0b959abe609658c82710eacc0e8c84653a03f5f54181,1,False,8.639958,,200,11,50,b60752dc790f8bb099b346642b8952be21b33e67343d58ae74b2342f180931d2,measured,50,20260928T003859.945761Z-cd277c20,2026-09-28T00:39:01.763032Z,3,True,fixed
9860a20342072168ed68a8d41eb16d9bfecf7729,16d8b0925a125c92643b0b959abe609658c82710eacc0e8c84653a03f5f54181,51,False,21.957292,,200,12,50,b60752dc790f8bb099b346642b8952be21b33e67343d58ae74b2342f180931d2,measured,50,20260928T003859.945761Z-cd277c20,2026-09-28T00:39:01.771946Z,53,True,naive
9860a20342072168ed68a8d41eb16d9bfecf7729,16d8b0925a125c92643b0b959abe609658c82710eacc0e8c84653a03f5f54181,1,False,8.61175,,200,12,50,b60752dc790f8bb099b346642b8952be21b33e67343d58ae74b2342f180931d2,measured,50,20260928T003859.945761Z-cd277c20,2026-09-28T00:39:01.794154Z,3,True,fixed
9860a20342072168ed68a8d41eb16d9bfecf7729,16d8b0925a125c92643b0b959abe609658c82710eacc0e8c84653a03f5f54181,51,False,23.285958,,200,13,50,b60752dc790f8bb099b346642b8952be21b33e67343d58ae74b2342f180931d2,measured,50,20260928T003859.945761Z-cd277c20,2026-09-28T00:39:01.803022Z,53,True,naive
9860a20342072168ed68a8d41eb16d9bfecf7729,16d8b0925a125c92643b0b959abe609658c82710eacc0e8c84653a03f5f54181,1,False,8.882542,,200,13,50,b60752dc790f8bb099b346642b8952be21b33e67343d58ae74b2342f180931d2,measured,50,20260928T003859.945761Z-cd277c20,2026-09-28T00:39:01.826565Z,3,True,fixed
9860a20342072168ed68a8d41eb16d9bfecf7729,16d8b0925a125c92643b0b959abe609658c82710eacc0e8c84653a03f5f54181,51,False,23.060083,,200,14,50,b60752dc790f8bb099b346642b8952be21b33e67343d58ae74b2342f180931d2,measured,50,20260928T003859.945761Z-cd277c20,2026-09-28T00:39:01.835725Z,53,True,naive
9860a20342072168ed68a8d41eb16d9bfecf7729,16d8b0925a125c92643b0b959abe609658c82710eacc0e8c84653a03f5f54181,1,False,10.087834,,200,14,50,b60752dc790f8bb099b346642b8952be21b33e67343d58ae74b2342f180931d2,measured,50,20260928T003859.945761Z-cd277c20,2026-09-28T00:39:01.859026Z,3,True,fixed
9860a20342072168ed68a8d41eb16d9bfecf7729,16d8b0925a125c92643b0b959abe609658c82710eacc0e8c84653a03f5f54181,51,False,26.075375,,200,15,50,b60752dc790f8bb099b346642b8952be21b33e67343d58ae74b2342f180931d2,measured,50,20260928T003859.945761Z-cd277c20,2026-09-28T00:39:01.869420Z,53,True,naive
9860a20342072168ed68a8d41eb16d9bfecf7729,16d8b0925a125c92643b0b959abe609658c82710eacc0e8c84653a03f5f54181,1,False,13.2315,,200,15,50,b60752dc790f8bb099b346642b8952be21b33e67343d58ae74b2342f180931d2,measured,50,20260928T003859.945761Z-cd277c20,2026-09-28T00:39:01.895813Z,3,True,fixed
9860a20342072168ed68a8d41eb16d9bfecf7729,16d8b0925a125c92643b0b959abe609658c82710eacc0e8c84653a03f5f54181,51,False,48.296791,,200,16,50,b60752dc790f8bb099b346642b8952be21b33e67343d58ae74b2342f180931d2,measured,50,20260928T003859.945761Z-cd277c20,2026-09-28T00:39:01.909604Z,53,True,naive
9860a20342072168ed68a8d41eb16d9bfecf7729,16d8b0925a125c92643b0b959abe609658c82710eacc0e8c84653a03f5f54181,1,False,10.628833,,200,16,50,b60752dc790f8bb099b346642b8952be21b33e67343d58ae74b2342f180931d2,measured,50,20260928T003859.945761Z-cd277c20,2026-09-28T00:39:01.958247Z,3,True,fixed
9860a20342072168ed68a8d41eb16d9bfecf7729,16d8b0925a125c92643b0b959abe609658c82710eacc0e8c84653a03f5f54181,51,False,27.296666,,200,17,50,b60752dc790f8bb099b346642b8952be21b33e67343d58ae74b2342f180931d2,measured,50,20260928T003859.945761Z-cd277c20,2026-09-28T00:39:01.969156Z,53,True,naive
9860a20342072168ed68a8d41eb16d9bfecf7729,16d8b0925a125c92643b0b959abe609658c82710eacc0e8c84653a03f5f54181,1,False,10.6915,,200,17,50,b60752dc790f8bb099b346642b8952be21b33e67343d58ae74b2342f180931d2,measured,50,20260928T003859.945761Z-cd277c20,2026-09-28T00:39:01.996686Z,3,True,fixed
9860a20342072168ed68a8d41eb16d9bfecf7729,16d8b0925a125c92643b0b959abe609658c82710eacc0e8c84653a03f5f54181,51,False,26.540042,,200,18,50,b60752dc790f8bb099b346642b8952be21b33e67343d58ae74b2342f180931d2,measured,50,20260928T003859.945761Z-cd277c20,2026-09-28T00:39:02.007647Z,53,True,naive
9860a20342072168ed68a8d41eb16d9bfecf7729,16d8b0925a125c92643b0b959abe609658c82710eacc0e8c84653a03f5f54181,1,False,7.861916,,200,18,50,b60752dc790f8bb099b346642b8952be21b33e67343d58ae74b2342f180931d2,measured,50,20260928T003859.945761Z-cd277c20,2026-09-28T00:39:02.034452Z,3,True,fixed
9860a20342072168ed68a8d41eb16d9bfecf7729,16d8b0925a125c92643b0b959abe609658c82710eacc0e8c84653a03f5f54181,51,False,21.702791,,200,19,50,b60752dc790f8bb099b346642b8952be21b33e67343d58ae74b2342f180931d2,measured,50,20260928T003859.945761Z-cd277c20,2026-09-28T00:39:02.042554Z,53,True,naive
9860a20342072168ed68a8d41eb16d9bfecf7729,16d8b0925a125c92643b0b959abe609658c82710eacc0e8c84653a03f5f54181,1,False,8.241209,,200,19,50,b60752dc790f8bb099b346642b8952be21b33e67343d58ae74b2342f180931d2,measured,50,20260928T003859.945761Z-cd277c20,2026-09-28T00:39:02.064505Z,3,True,fixed
9860a20342072168ed68a8d41eb16d9bfecf7729,16d8b0925a125c92643b0b959abe609658c82710eacc0e8c84653a03f5f54181,51,False,24.804208,,200,20,50,b60752dc790f8bb099b346642b8952be21b33e67343d58ae74b2342f180931d2,measured,50,20260928T003859.945761Z-cd277c20,2026-09-28T00:39:02.072979Z,53,True,naive
9860a20342072168ed68a8d41eb16d9bfecf7729,16d8b0925a125c92643b0b959abe609658c82710eacc0e8c84653a03f5f54181,1,False,8.694209,,200,20,50,b60752dc790f8bb099b346642b8952be21b33e67343d58ae74b2342f180931d2,measured,50,20260928T003859.945761Z-cd277c20,2026-09-28T00:39:02.098390Z,3,True,fixed
9860a20342072168ed68a8d41eb16d9bfecf7729,16d8b0925a125c92643b0b959abe609658c82710eacc0e8c84653a03f5f54181,51,False,30.37175,,200,21,50,b60752dc790f8bb099b346642b8952be21b33e67343d58ae74b2342f180931d2,measured,50,20260928T003859.945761Z-cd277c20,2026-09-28T00:39:02.107337Z,53,True,naive
9860a20342072168ed68a8d41eb16d9bfecf7729,16d8b0925a125c92643b0b959abe609658c82710eacc0e8c84653a03f5f54181,1,False,8.471334,,200,21,50,b60752dc790f8bb099b346642b8952be21b33e67343d58ae74b2342f180931d2,measured,50,20260928T003859.945761Z-cd277c20,2026-09-28T00:39:02.137983Z,3,True,fixed
9860a20342072168ed68a8d41eb16d9bfecf7729,16d8b0925a125c92643b0b959abe609658c82710eacc0e8c84653a03f5f54181,51,False,24.724667,,200,22,50,b60752dc790f8bb099b346642b8952be21b33e67343d58ae74b2342f180931d2,measured,50,20260928T003859.945761Z-cd277c20,2026-09-28T00:39:02.146713Z,53,True,naive
9860a20342072168ed68a8d41eb16d9bfecf7729,16d8b0925a125c92643b0b959abe609658c82710eacc0e8c84653a03f5f54181,1,False,8.128042,,200,22,50,b60752dc790f8bb099b346642b8952be21b33e67343d58ae74b2342f180931d2,measured,50,20260928T003859.945761Z-cd277c20,2026-09-28T00:39:02.171710Z,3,True,fixed
9860a20342072168ed68a8d41eb16d9bfecf7729,16d8b0925a125c92643b0b959abe609658c82710eacc0e8c84653a03f5f54181,51,False,26.71025,,200,23,50,b60752dc790f8bb099b346642b8952be21b33e67343d58ae74b2342f180931d2,measured,50,20260928T003859.945761Z-cd277c20,2026-09-28T00:39:02.180093Z,53,True,naive
9860a20342072168ed68a8d41eb16d9bfecf7729,16d8b0925a125c92643b0b959abe609658c82710eacc0e8c84653a03f5f54181,1,False,8.75725,,200,23,50,b60752dc790f8bb099b346642b8952be21b33e67343d58ae74b2342f180931d2,measured,50,20260928T003859.945761Z-cd277c20,2026-09-28T00:39:02.207053Z,3,True,fixed
9860a20342072168ed68a8d41eb16d9bfecf7729,16d8b0925a125c92643b0b959abe609658c82710eacc0e8c84653a03f5f54181,51,False,21.813042,,200,24,50,b60752dc790f8bb099b346642b8952be21b33e67343d58ae74b2342f180931d2,measured,50,20260928T003859.945761Z-cd277c20,2026-09-28T00:39:02.216076Z,53,True,naive
9860a20342072168ed68a8d41eb16d9bfecf7729,16d8b0925a125c92643b0b959abe609658c82710eacc0e8c84653a03f5f54181,1,False,7.609,,200,24,50,b60752dc790f8bb099b346642b8952be21b33e67343d58ae74b2342f180931d2,measured,50,20260928T003859.945761Z-cd277c20,2026-09-28T00:39:02.238149Z,3,True,fixed
9860a20342072168ed68a8d41eb16d9bfecf7729,16d8b0925a125c92643b0b959abe609658c82710eacc0e8c84653a03f5f54181,51,False,26.640959,,200,25,50,b60752dc790f8bb099b346642b8952be21b33e67343d58ae74b2342f180931d2,measured,50,20260928T003859.945761Z-cd277c20,2026-09-28T00:39:02.246014Z,53,True,naive
9860a20342072168ed68a8d41eb16d9bfecf7729,16d8b0925a125c92643b0b959abe609658c82710eacc0e8c84653a03f5f54181,1,False,7.319667,,200,25,50,b60752dc790f8bb099b346642b8952be21b33e67343d58ae74b2342f180931d2,measured,50,20260928T003859.945761Z-cd277c20,2026-09-28T00:39:02.272914Z,3,True,fixed
9860a20342072168ed68a8d41eb16d9bfecf7729,16d8b0925a125c92643b0b959abe609658c82710eacc0e8c84653a03f5f54181,51,False,28.990334,,200,26,50,b60752dc790f8bb099b346642b8952be21b33e67343d58ae74b2342f180931d2,measured,50,20260928T003859.945761Z-cd277c20,2026-09-28T00:39:02.280486Z,53,True,naive
9860a20342072168ed68a8d41eb16d9bfecf7729,16d8b0925a125c92643b0b959abe609658c82710eacc0e8c84653a03f5f54181,1,False,9.37025,,200,26,50,b60752dc790f8bb099b346642b8952be21b33e67343d58ae74b2342f180931d2,measured,50,20260928T003859.945761Z-cd277c20,2026-09-28T00:39:02.309739Z,3,True,fixed
9860a20342072168ed68a8d41eb16d9bfecf7729,16d8b0925a125c92643b0b959abe609658c82710eacc0e8c84653a03f5f54181,51,False,29.343292,,200,27,50,b60752dc790f8bb099b346642b8952be21b33e67343d58ae74b2342f180931d2,measured,50,20260928T003859.945761Z-cd277c20,2026-09-28T00:39:02.319480Z,53,True,naive
9860a20342072168ed68a8d41eb16d9bfecf7729,16d8b0925a125c92643b0b959abe609658c82710eacc0e8c84653a03f5f54181,1,False,16.467167,,200,27,50,b60752dc790f8bb099b346642b8952be21b33e67343d58ae74b2342f180931d2,measured,50,20260928T003859.945761Z-cd277c20,2026-09-28T00:39:02.349284Z,3,True,fixed
9860a20342072168ed68a8d41eb16d9bfecf7729,16d8b0925a125c92643b0b959abe609658c82710eacc0e8c84653a03f5f54181,51,False,55.463792,,200,28,50,b60752dc790f8bb099b346642b8952be21b33e67343d58ae74b2342f180931d2,measured,50,20260928T003859.945761Z-cd277c20,2026-09-28T00:39:02.366424Z,53,True,naive
9860a20342072168ed68a8d41eb16d9bfecf7729,16d8b0925a125c92643b0b959abe609658c82710eacc0e8c84653a03f5f54181,1,False,7.682834,,200,28,50,b60752dc790f8bb099b346642b8952be21b33e67343d58ae74b2342f180931d2,measured,50,20260928T003859.945761Z-cd277c20,2026-09-28T00:39:02.422143Z,3,True,fixed
9860a20342072168ed68a8d41eb16d9bfecf7729,16d8b0925a125c92643b0b959abe609658c82710eacc0e8c84653a03f5f54181,51,False,26.000875,,200,29,50,b60752dc790f8bb099b346642b8952be21b33e67343d58ae74b2342f180931d2,measured,50,20260928T003859.945761Z-cd277c20,2026-09-28T00:39:02.430070Z,53,True,naive
9860a20342072168ed68a8d41eb16d9bfecf7729,16d8b0925a125c92643b0b959abe609658c82710eacc0e8c84653a03f5f54181,1,False,9.714791,,200,29,50,b60752dc790f8bb099b346642b8952be21b33e67343d58ae74b2342f180931d2,measured,50,20260928T003859.945761Z-cd277c20,2026-09-28T00:39:02.456300Z,3,True,fixed
9860a20342072168ed68a8d41eb16d9bfecf7729,16d8b0925a125c92643b0b959abe609658c82710eacc0e8c84653a03f5f54181,51,False,35.987916,,200,30,50,b60752dc790f8bb099b346642b8952be21b33e67343d58ae74b2342f180931d2,measured,50,20260928T003859.945761Z-cd277c20,2026-09-28T00:39:02.466648Z,53,True,naive
9860a20342072168ed68a8d41eb16d9bfecf7729,16d8b0925a125c92643b0b959abe609658c82710eacc0e8c84653a03f5f54181,1,False,7.679125,,200,30,50,b60752dc790f8bb099b346642b8952be21b33e67343d58ae74b2342f180931d2,measured,50,20260928T003859.945761Z-cd277c20,2026-09-28T00:39:02.502979Z,3,True,fixed
9860a20342072168ed68a8d41eb16d9bfecf7729,16d8b0925a125c92643b0b959abe609658c82710eacc0e8c84653a03f5f54181,201,False,136.901125,,200,1,200,f7a455464224527bd00aa68690fd813ab464fe6092233e0c3e13e4ee59473604,measured,200,20260928T003859.945761Z-cd277c20,2026-09-28T00:39:02.510906Z,203,True,naive
9860a20342072168ed68a8d41eb16d9bfecf7729,16d8b0925a125c92643b0b959abe609658c82710eacc0e8c84653a03f5f54181,1,False,14.138833,,200,1,200,f7a455464224527bd00aa68690fd813ab464fe6092233e0c3e13e4ee59473604,measured,200,20260928T003859.945761Z-cd277c20,2026-09-28T00:39:02.648615Z,3,True,fixed
9860a20342072168ed68a8d41eb16d9bfecf7729,16d8b0925a125c92643b0b959abe609658c82710eacc0e8c84653a03f5f54181,201,False,85.316583,,200,2,200,f7a455464224527bd00aa68690fd813ab464fe6092233e0c3e13e4ee59473604,measured,200,20260928T003859.945761Z-cd277c20,2026-09-28T00:39:02.663404Z,203,True,naive
9860a20342072168ed68a8d41eb16d9bfecf7729,16d8b0925a125c92643b0b959abe609658c82710eacc0e8c84653a03f5f54181,1,False,19.644583,,200,2,200,f7a455464224527bd00aa68690fd813ab464fe6092233e0c3e13e4ee59473604,measured,200,20260928T003859.945761Z-cd277c20,2026-09-28T00:39:02.749406Z,3,True,fixed
9860a20342072168ed68a8d41eb16d9bfecf7729,16d8b0925a125c92643b0b959abe609658c82710eacc0e8c84653a03f5f54181,201,False,91.420583,,200,3,200,f7a455464224527bd00aa68690fd813ab464fe6092233e0c3e13e4ee59473604,measured,200,20260928T003859.945761Z-cd277c20,2026-09-28T00:39:02.769677Z,203,True,naive
9860a20342072168ed68a8d41eb16d9bfecf7729,16d8b0925a125c92643b0b959abe609658c82710eacc0e8c84653a03f5f54181,1,False,15.908291,,200,3,200,f7a455464224527bd00aa68690fd813ab464fe6092233e0c3e13e4ee59473604,measured,200,20260928T003859.945761Z-cd277c20,2026-09-28T00:39:02.861786Z,3,True,fixed
9860a20342072168ed68a8d41eb16d9bfecf7729,16d8b0925a125c92643b0b959abe609658c82710eacc0e8c84653a03f5f54181,201,False,131.130792,,200,4,200,f7a455464224527bd00aa68690fd813ab464fe6092233e0c3e13e4ee59473604,measured,200,20260928T003859.945761Z-cd277c20,2026-09-28T00:39:02.878369Z,203,True,naive
9860a20342072168ed68a8d41eb16d9bfecf7729,16d8b0925a125c92643b0b959abe609658c82710eacc0e8c84653a03f5f54181,1,False,19.199084,,200,4,200,f7a455464224527bd00aa68690fd813ab464fe6092233e0c3e13e4ee59473604,measured,200,20260928T003859.945761Z-cd277c20,2026-09-28T00:39:03.010204Z,3,True,fixed
9860a20342072168ed68a8d41eb16d9bfecf7729,16d8b0925a125c92643b0b959abe609658c82710eacc0e8c84653a03f5f54181,201,False,157.759708,,200,5,200,f7a455464224527bd00aa68690fd813ab464fe6092233e0c3e13e4ee59473604,measured,200,20260928T003859.945761Z-cd277c20,2026-09-28T00:39:03.030268Z,203,True,naive
9860a20342072168ed68a8d41eb16d9bfecf7729,16d8b0925a125c92643b0b959abe609658c82710eacc0e8c84653a03f5f54181,1,False,22.405875,,200,5,200,f7a455464224527bd00aa68690fd813ab464fe6092233e0c3e13e4ee59473604,measured,200,20260928T003859.945761Z-cd277c20,2026-09-28T00:39:03.189157Z,3,True,fixed
9860a20342072168ed68a8d41eb16d9bfecf7729,16d8b0925a125c92643b0b959abe609658c82710eacc0e8c84653a03f5f54181,201,False,163.819958,,200,6,200,f7a455464224527bd00aa68690fd813ab464fe6092233e0c3e13e4ee59473604,measured,200,20260928T003859.945761Z-cd277c20,2026-09-28T00:39:03.212264Z,203,True,naive
9860a20342072168ed68a8d41eb16d9bfecf7729,16d8b0925a125c92643b0b959abe609658c82710eacc0e8c84653a03f5f54181,1,False,27.947084,,200,6,200,f7a455464224527bd00aa68690fd813ab464fe6092233e0c3e13e4ee59473604,measured,200,20260928T003859.945761Z-cd277c20,2026-09-28T00:39:03.377451Z,3,True,fixed
9860a20342072168ed68a8d41eb16d9bfecf7729,16d8b0925a125c92643b0b959abe609658c82710eacc0e8c84653a03f5f54181,201,False,184.422292,,200,7,200,f7a455464224527bd00aa68690fd813ab464fe6092233e0c3e13e4ee59473604,measured,200,20260928T003859.945761Z-cd277c20,2026-09-28T00:39:03.406077Z,203,True,naive
9860a20342072168ed68a8d41eb16d9bfecf7729,16d8b0925a125c92643b0b959abe609658c82710eacc0e8c84653a03f5f54181,1,False,30.320208,,200,7,200,f7a455464224527bd00aa68690fd813ab464fe6092233e0c3e13e4ee59473604,measured,200,20260928T003859.945761Z-cd277c20,2026-09-28T00:39:03.591486Z,3,True,fixed
9860a20342072168ed68a8d41eb16d9bfecf7729,16d8b0925a125c92643b0b959abe609658c82710eacc0e8c84653a03f5f54181,201,False,213.977583,,200,8,200,f7a455464224527bd00aa68690fd813ab464fe6092233e0c3e13e4ee59473604,measured,200,20260928T003859.945761Z-cd277c20,2026-09-28T00:39:03.623406Z,203,True,naive
9860a20342072168ed68a8d41eb16d9bfecf7729,16d8b0925a125c92643b0b959abe609658c82710eacc0e8c84653a03f5f54181,1,False,23.003042,,200,8,200,f7a455464224527bd00aa68690fd813ab464fe6092233e0c3e13e4ee59473604,measured,200,20260928T003859.945761Z-cd277c20,2026-09-28T00:39:03.838127Z,3,True,fixed
9860a20342072168ed68a8d41eb16d9bfecf7729,16d8b0925a125c92643b0b959abe609658c82710eacc0e8c84653a03f5f54181,201,False,145.974917,,200,9,200,f7a455464224527bd00aa68690fd813ab464fe6092233e0c3e13e4ee59473604,measured,200,20260928T003859.945761Z-cd277c20,2026-09-28T00:39:03.862441Z,203,True,naive
9860a20342072168ed68a8d41eb16d9bfecf7729,16d8b0925a125c92643b0b959abe609658c82710eacc0e8c84653a03f5f54181,1,False,18.282375,,200,9,200,f7a455464224527bd00aa68690fd813ab464fe6092233e0c3e13e4ee59473604,measured,200,20260928T003859.945761Z-cd277c20,2026-09-28T00:39:04.009150Z,3,True,fixed
9860a20342072168ed68a8d41eb16d9bfecf7729,16d8b0925a125c92643b0b959abe609658c82710eacc0e8c84653a03f5f54181,201,False,143.042583,,200,10,200,f7a455464224527bd00aa68690fd813ab464fe6092233e0c3e13e4ee59473604,measured,200,20260928T003859.945761Z-cd277c20,2026-09-28T00:39:04.028107Z,203,True,naive
9860a20342072168ed68a8d41eb16d9bfecf7729,16d8b0925a125c92643b0b959abe609658c82710eacc0e8c84653a03f5f54181,1,False,13.801333,,200,10,200,f7a455464224527bd00aa68690fd813ab464fe6092233e0c3e13e4ee59473604,measured,200,20260928T003859.945761Z-cd277c20,2026-09-28T00:39:04.171822Z,3,True,fixed
9860a20342072168ed68a8d41eb16d9bfecf7729,16d8b0925a125c92643b0b959abe609658c82710eacc0e8c84653a03f5f54181,201,False,81.129458,,200,11,200,f7a455464224527bd00aa68690fd813ab464fe6092233e0c3e13e4ee59473604,measured,200,20260928T003859.945761Z-cd277c20,2026-09-28T00:39:04.186256Z,203,True,naive
9860a20342072168ed68a8d41eb16d9bfecf7729,16d8b0925a125c92643b0b959abe609658c82710eacc0e8c84653a03f5f54181,1,False,13.820333,,200,11,200,f7a455464224527bd00aa68690fd813ab464fe6092233e0c3e13e4ee59473604,measured,200,20260928T003859.945761Z-cd277c20,2026-09-28T00:39:04.268072Z,3,True,fixed
9860a20342072168ed68a8d41eb16d9bfecf7729,16d8b0925a125c92643b0b959abe609658c82710eacc0e8c84653a03f5f54181,201,False,75.374375,,200,12,200,f7a455464224527bd00aa68690fd813ab464fe6092233e0c3e13e4ee59473604,measured,200,20260928T003859.945761Z-cd277c20,2026-09-28T00:39:04.282533Z,203,True,naive
9860a20342072168ed68a8d41eb16d9bfecf7729,16d8b0925a125c92643b0b959abe609658c82710eacc0e8c84653a03f5f54181,1,False,14.052208,,200,12,200,f7a455464224527bd00aa68690fd813ab464fe6092233e0c3e13e4ee59473604,measured,200,20260928T003859.945761Z-cd277c20,2026-09-28T00:39:04.358540Z,3,True,fixed
9860a20342072168ed68a8d41eb16d9bfecf7729,16d8b0925a125c92643b0b959abe609658c82710eacc0e8c84653a03f5f54181,201,False,68.804833,,200,13,200,f7a455464224527bd00aa68690fd813ab464fe6092233e0c3e13e4ee59473604,measured,200,20260928T003859.945761Z-cd277c20,2026-09-28T00:39:04.373216Z,203,True,naive
9860a20342072168ed68a8d41eb16d9bfecf7729,16d8b0925a125c92643b0b959abe609658c82710eacc0e8c84653a03f5f54181,1,False,13.380583,,200,13,200,f7a455464224527bd00aa68690fd813ab464fe6092233e0c3e13e4ee59473604,measured,200,20260928T003859.945761Z-cd277c20,2026-09-28T00:39:04.442648Z,3,True,fixed
9860a20342072168ed68a8d41eb16d9bfecf7729,16d8b0925a125c92643b0b959abe609658c82710eacc0e8c84653a03f5f54181,201,False,73.560959,,200,14,200,f7a455464224527bd00aa68690fd813ab464fe6092233e0c3e13e4ee59473604,measured,200,20260928T003859.945761Z-cd277c20,2026-09-28T00:39:04.456644Z,203,True,naive
9860a20342072168ed68a8d41eb16d9bfecf7729,16d8b0925a125c92643b0b959abe609658c82710eacc0e8c84653a03f5f54181,1,False,13.385709,,200,14,200,f7a455464224527bd00aa68690fd813ab464fe6092233e0c3e13e4ee59473604,measured,200,20260928T003859.945761Z-cd277c20,2026-09-28T00:39:04.530885Z,3,True,fixed
9860a20342072168ed68a8d41eb16d9bfecf7729,16d8b0925a125c92643b0b959abe609658c82710eacc0e8c84653a03f5f54181,201,False,71.006625,,200,15,200,f7a455464224527bd00aa68690fd813ab464fe6092233e0c3e13e4ee59473604,measured,200,20260928T003859.945761Z-cd277c20,2026-09-28T00:39:04.544962Z,203,True,naive
9860a20342072168ed68a8d41eb16d9bfecf7729,16d8b0925a125c92643b0b959abe609658c82710eacc0e8c84653a03f5f54181,1,False,13.074833,,200,15,200,f7a455464224527bd00aa68690fd813ab464fe6092233e0c3e13e4ee59473604,measured,200,20260928T003859.945761Z-cd277c20,2026-09-28T00:39:04.616630Z,3,True,fixed
9860a20342072168ed68a8d41eb16d9bfecf7729,16d8b0925a125c92643b0b959abe609658c82710eacc0e8c84653a03f5f54181,201,False,72.854666,,200,16,200,f7a455464224527bd00aa68690fd813ab464fe6092233e0c3e13e4ee59473604,measured,200,20260928T003859.945761Z-cd277c20,2026-09-28T00:39:04.630342Z,203,True,naive
9860a20342072168ed68a8d41eb16d9bfecf7729,16d8b0925a125c92643b0b959abe609658c82710eacc0e8c84653a03f5f54181,1,False,14.265542,,200,16,200,f7a455464224527bd00aa68690fd813ab464fe6092233e0c3e13e4ee59473604,measured,200,20260928T003859.945761Z-cd277c20,2026-09-28T00:39:04.703961Z,3,True,fixed
9860a20342072168ed68a8d41eb16d9bfecf7729,16d8b0925a125c92643b0b959abe609658c82710eacc0e8c84653a03f5f54181,201,False,68.516667,,200,17,200,f7a455464224527bd00aa68690fd813ab464fe6092233e0c3e13e4ee59473604,measured,200,20260928T003859.945761Z-cd277c20,2026-09-28T00:39:04.718848Z,203,True,naive
9860a20342072168ed68a8d41eb16d9bfecf7729,16d8b0925a125c92643b0b959abe609658c82710eacc0e8c84653a03f5f54181,1,False,13.597292,,200,17,200,f7a455464224527bd00aa68690fd813ab464fe6092233e0c3e13e4ee59473604,measured,200,20260928T003859.945761Z-cd277c20,2026-09-28T00:39:04.788077Z,3,True,fixed
9860a20342072168ed68a8d41eb16d9bfecf7729,16d8b0925a125c92643b0b959abe609658c82710eacc0e8c84653a03f5f54181,201,False,73.038084,,200,18,200,f7a455464224527bd00aa68690fd813ab464fe6092233e0c3e13e4ee59473604,measured,200,20260928T003859.945761Z-cd277c20,2026-09-28T00:39:04.802306Z,203,True,naive
9860a20342072168ed68a8d41eb16d9bfecf7729,16d8b0925a125c92643b0b959abe609658c82710eacc0e8c84653a03f5f54181,1,False,14.293208,,200,18,200,f7a455464224527bd00aa68690fd813ab464fe6092233e0c3e13e4ee59473604,measured,200,20260928T003859.945761Z-cd277c20,2026-09-28T00:39:04.876269Z,3,True,fixed
9860a20342072168ed68a8d41eb16d9bfecf7729,16d8b0925a125c92643b0b959abe609658c82710eacc0e8c84653a03f5f54181,201,False,67.6945,,200,19,200,f7a455464224527bd00aa68690fd813ab464fe6092233e0c3e13e4ee59473604,measured,200,20260928T003859.945761Z-cd277c20,2026-09-28T00:39:04.891190Z,203,True,naive
9860a20342072168ed68a8d41eb16d9bfecf7729,16d8b0925a125c92643b0b959abe609658c82710eacc0e8c84653a03f5f54181,1,False,13.642417,,200,19,200,f7a455464224527bd00aa68690fd813ab464fe6092233e0c3e13e4ee59473604,measured,200,20260928T003859.945761Z-cd277c20,2026-09-28T00:39:04.959528Z,3,True,fixed
9860a20342072168ed68a8d41eb16d9bfecf7729,16d8b0925a125c92643b0b959abe609658c82710eacc0e8c84653a03f5f54181,201,False,63.722333,,200,20,200,f7a455464224527bd00aa68690fd813ab464fe6092233e0c3e13e4ee59473604,measured,200,20260928T003859.945761Z-cd277c20,2026-09-28T00:39:04.973807Z,203,True,naive
9860a20342072168ed68a8d41eb16d9bfecf7729,16d8b0925a125c92643b0b959abe609658c82710eacc0e8c84653a03f5f54181,1,False,14.859542,,200,20,200,f7a455464224527bd00aa68690fd813ab464fe6092233e0c3e13e4ee59473604,measured,200,20260928T003859.945761Z-cd277c20,2026-09-28T00:39:05.038143Z,3,True,fixed
9860a20342072168ed68a8d41eb16d9bfecf7729,16d8b0925a125c92643b0b959abe609658c82710eacc0e8c84653a03f5f54181,201,False,81.471417,,200,21,200,f7a455464224527bd00aa68690fd813ab464fe6092233e0c3e13e4ee59473604,measured,200,20260928T003859.945761Z-cd277c20,2026-09-28T00:39:05.053679Z,203,True,naive
9860a20342072168ed68a8d41eb16d9bfecf7729,16d8b0925a125c92643b0b959abe609658c82710eacc0e8c84653a03f5f54181,1,False,13.079,,200,21,200,f7a455464224527bd00aa68690fd813ab464fe6092233e0c3e13e4ee59473604,measured,200,20260928T003859.945761Z-cd277c20,2026-09-28T00:39:05.135796Z,3,True,fixed
9860a20342072168ed68a8d41eb16d9bfecf7729,16d8b0925a125c92643b0b959abe609658c82710eacc0e8c84653a03f5f54181,201,False,69.836916,,200,22,200,f7a455464224527bd00aa68690fd813ab464fe6092233e0c3e13e4ee59473604,measured,200,20260928T003859.945761Z-cd277c20,2026-09-28T00:39:05.149556Z,203,True,naive
9860a20342072168ed68a8d41eb16d9bfecf7729,16d8b0925a125c92643b0b959abe609658c82710eacc0e8c84653a03f5f54181,1,False,12.651375,,200,22,200,f7a455464224527bd00aa68690fd813ab464fe6092233e0c3e13e4ee59473604,measured,200,20260928T003859.945761Z-cd277c20,2026-09-28T00:39:05.220012Z,3,True,fixed
9860a20342072168ed68a8d41eb16d9bfecf7729,16d8b0925a125c92643b0b959abe609658c82710eacc0e8c84653a03f5f54181,201,False,66.143125,,200,23,200,f7a455464224527bd00aa68690fd813ab464fe6092233e0c3e13e4ee59473604,measured,200,20260928T003859.945761Z-cd277c20,2026-09-28T00:39:05.233290Z,203,True,naive
9860a20342072168ed68a8d41eb16d9bfecf7729,16d8b0925a125c92643b0b959abe609658c82710eacc0e8c84653a03f5f54181,1,False,15.760834,,200,23,200,f7a455464224527bd00aa68690fd813ab464fe6092233e0c3e13e4ee59473604,measured,200,20260928T003859.945761Z-cd277c20,2026-09-28T00:39:05.300059Z,3,True,fixed
9860a20342072168ed68a8d41eb16d9bfecf7729,16d8b0925a125c92643b0b959abe609658c82710eacc0e8c84653a03f5f54181,201,False,66.952709,,200,24,200,f7a455464224527bd00aa68690fd813ab464fe6092233e0c3e13e4ee59473604,measured,200,20260928T003859.945761Z-cd277c20,2026-09-28T00:39:05.316457Z,203,True,naive
9860a20342072168ed68a8d41eb16d9bfecf7729,16d8b0925a125c92643b0b959abe609658c82710eacc0e8c84653a03f5f54181,1,False,12.442292,,200,24,200,f7a455464224527bd00aa68690fd813ab464fe6092233e0c3e13e4ee59473604,measured,200,20260928T003859.945761Z-cd277c20,2026-09-28T00:39:05.384024Z,3,True,fixed
9860a20342072168ed68a8d41eb16d9bfecf7729,16d8b0925a125c92643b0b959abe609658c82710eacc0e8c84653a03f5f54181,201,False,89.866,,200,25,200,f7a455464224527bd00aa68690fd813ab464fe6092233e0c3e13e4ee59473604,measured,200,20260928T003859.945761Z-cd277c20,2026-09-28T00:39:05.397095Z,203,True,naive
9860a20342072168ed68a8d41eb16d9bfecf7729,16d8b0925a125c92643b0b959abe609658c82710eacc0e8c84653a03f5f54181,1,False,20.493875,,200,25,200,f7a455464224527bd00aa68690fd813ab464fe6092233e0c3e13e4ee59473604,measured,200,20260928T003859.945761Z-cd277c20,2026-09-28T00:39:05.487588Z,3,True,fixed
9860a20342072168ed68a8d41eb16d9bfecf7729,16d8b0925a125c92643b0b959abe609658c82710eacc0e8c84653a03f5f54181,201,False,70.122625,,200,26,200,f7a455464224527bd00aa68690fd813ab464fe6092233e0c3e13e4ee59473604,measured,200,20260928T003859.945761Z-cd277c20,2026-09-28T00:39:05.508756Z,203,True,naive
9860a20342072168ed68a8d41eb16d9bfecf7729,16d8b0925a125c92643b0b959abe609658c82710eacc0e8c84653a03f5f54181,1,False,15.2065,,200,26,200,f7a455464224527bd00aa68690fd813ab464fe6092233e0c3e13e4ee59473604,measured,200,20260928T003859.945761Z-cd277c20,2026-09-28T00:39:05.579708Z,3,True,fixed
9860a20342072168ed68a8d41eb16d9bfecf7729,16d8b0925a125c92643b0b959abe609658c82710eacc0e8c84653a03f5f54181,201,False,77.221916,,200,27,200,f7a455464224527bd00aa68690fd813ab464fe6092233e0c3e13e4ee59473604,measured,200,20260928T003859.945761Z-cd277c20,2026-09-28T00:39:05.595573Z,203,True,naive
9860a20342072168ed68a8d41eb16d9bfecf7729,16d8b0925a125c92643b0b959abe609658c82710eacc0e8c84653a03f5f54181,1,False,13.478125,,200,27,200,f7a455464224527bd00aa68690fd813ab464fe6092233e0c3e13e4ee59473604,measured,200,20260928T003859.945761Z-cd277c20,2026-09-28T00:39:05.673412Z,3,True,fixed
9860a20342072168ed68a8d41eb16d9bfecf7729,16d8b0925a125c92643b0b959abe609658c82710eacc0e8c84653a03f5f54181,201,False,71.427625,,200,28,200,f7a455464224527bd00aa68690fd813ab464fe6092233e0c3e13e4ee59473604,measured,200,20260928T003859.945761Z-cd277c20,2026-09-28T00:39:05.687548Z,203,True,naive
9860a20342072168ed68a8d41eb16d9bfecf7729,16d8b0925a125c92643b0b959abe609658c82710eacc0e8c84653a03f5f54181,1,False,12.846209,,200,28,200,f7a455464224527bd00aa68690fd813ab464fe6092233e0c3e13e4ee59473604,measured,200,20260928T003859.945761Z-cd277c20,2026-09-28T00:39:05.759620Z,3,True,fixed
9860a20342072168ed68a8d41eb16d9bfecf7729,16d8b0925a125c92643b0b959abe609658c82710eacc0e8c84653a03f5f54181,201,False,73.618375,,200,29,200,f7a455464224527bd00aa68690fd813ab464fe6092233e0c3e13e4ee59473604,measured,200,20260928T003859.945761Z-cd277c20,2026-09-28T00:39:05.773106Z,203,True,naive
9860a20342072168ed68a8d41eb16d9bfecf7729,16d8b0925a125c92643b0b959abe609658c82710eacc0e8c84653a03f5f54181,1,False,14.041458,,200,29,200,f7a455464224527bd00aa68690fd813ab464fe6092233e0c3e13e4ee59473604,measured,200,20260928T003859.945761Z-cd277c20,2026-09-28T00:39:05.847391Z,3,True,fixed
9860a20342072168ed68a8d41eb16d9bfecf7729,16d8b0925a125c92643b0b959abe609658c82710eacc0e8c84653a03f5f54181,201,False,70.100042,,200,30,200,f7a455464224527bd00aa68690fd813ab464fe6092233e0c3e13e4ee59473604,measured,200,20260928T003859.945761Z-cd277c20,2026-09-28T00:39:05.862093Z,203,True,naive
9860a20342072168ed68a8d41eb16d9bfecf7729,16d8b0925a125c92643b0b959abe609658c82710eacc0e8c84653a03f5f54181,1,False,14.6385,,200,30,200,f7a455464224527bd00aa68690fd813ab464fe6092233e0c3e13e4ee59473604,measured,200,20260928T003859.945761Z-cd277c20,2026-09-28T00:39:05.932863Z,3,True,fixed
